id,en,pt,es,fr,it
scenario_before_rules_desc,Scenario '{name}' defined before rules in knowledge base,Cenário '{name}' definido antes das regras na base de conhecimento,Escenario '{name}' definido antes de las reglas en la base de conocimiento,Scénario '{name}' défini avant les règles de la base de connaissances,Scenario '{name}' definito prima delle regole nella base di conoscenza
scenario_before_rules_fix,Move the scenario after the rules.,Mova o cenário para depois das regras.,Mueva el escenario después de las reglas.,Déplacez le scénario après les règles.,Sposti lo scenario dopo le regole.
misplaced_expectation_desc,"Misplaced '{kw}' before an expectation. An expectation belongs to a scenario; write ""{name} expects answers [...]"" without the leading '{kw}'.","'{kw}' fora do lugar antes de uma expectativa. Uma expectativa pertence a um cenário; escreva ""{name} espera respostas [...]"" sem o '{kw}' inicial.","'{kw}' fuera de lugar antes de una expectativa. Una expectativa pertenece a un escenario; escriba ""{name} espera respuestas [...]"" sin el '{kw}' inicial.",'{kw}' mal placé avant une attente. Une attente appartient à un scénario ; écrivez « {name} attend les réponses [...] » sans le '{kw}' initial.,"'{kw}' fuori posto prima di un'aspettativa. Un'aspettativa appartiene a uno scenario; scriva ""{name} attende risposte [...]"" senza il '{kw}' iniziale."
misplaced_expectation_fix,Remove the leading '{kw}' from this line.,Remova o '{kw}' inicial desta linha.,Elimine el '{kw}' inicial de esta línea.,Supprimez le '{kw}' initial de cette ligne.,Rimuova il '{kw}' iniziale da questa riga.
missing_trailing_dot_desc,Missing trailing dot for 'expects answers' in scenario,Falta o ponto final em 'espera respostas' no cenário,Falta el punto final en 'espera respuestas' en el escenario,Point final manquant après « attend les réponses » dans le scénario,Manca il punto finale in 'attende risposte' nello scenario
missing_trailing_dot_fix,Add a dot at the end of the line.,Acrescente um ponto no fim da linha.,Añada un punto al final de la línea.,Ajoutez un point à la fin de la ligne.,Aggiunga un punto alla fine della riga.
unknown_section_desc,Unknown or malformed section starting with: {name},Secção desconhecida ou malformada começando por: {name},Sección desconocida o malformada que comienza por: {name},Section inconnue ou malformée commençant par : {name},Sezione sconosciuta o malformata che inizia con: {name}
unknown_section_fix,Check the section header and that every sentence in it ends with a dot.,Verifique o cabeçalho da secção e que cada frase nela termina com um ponto.,Compruebe el encabezado de la sección y que cada frase termina con un punto.,Vérifiez l'en-tête de la section et que chaque phrase s'y termine par un point.,Controlli l'intestazione della sezione e che ogni frase termini con un punto.
unknown_section_kb_fix,"A knowledge base header must read: the knowledge base <name> includes:  (or: the contract states that:). is: is not a section header, so everything under it is discarded.","Um cabeçalho de base de conhecimento deve ser: a base de conhecimento <nome> inclui:  (ou: o contrato estabelece que:). é: não é um cabeçalho de secção, pelo que tudo o que está por baixo é descartado.","Un encabezado de base de conocimiento debe ser: la base de conocimiento <nombre> incluye:  (o: el contrato establece que:). es: no es un encabezado de sección, por lo que todo lo que está debajo se descarta.","Un en-tête de base de connaissances doit être : la base de connaissances <nom> comprend :  (ou : le contrat stipule que :). « est : » n'est pas un en-tête de section, donc tout ce qui suit est ignoré.","Un'intestazione di base di conoscenza deve essere: la base di conoscenza <nome> include:  (o: il contratto stabilisce che:). è: non è un'intestazione di sezione, quindi tutto ciò che segue viene scartato."
reserved_word_in_template_desc,Reserved word '{word}' in template: a template cannot contain '{word}'; the template is cut off at that point,Palavra reservada '{word}' no modelo: um modelo não pode conter '{word}'; o modelo fica cortado nesse ponto,Palabra reservada '{word}' en la plantilla: una plantilla no puede contener '{word}'; la plantilla queda cortada en ese punto,Mot réservé '{word}' dans le modèle : un modèle ne peut pas contenir '{word}' ; le modèle est tronqué à cet endroit,Parola riservata '{word}' nel modello: un modello non può contenere '{word}'; il modello viene troncato in quel punto
reserved_word_in_template_fix,Reword the template so it does not contain the reserved word.,Reformule o modelo para que não contenha a palavra reservada.,Reformule la plantilla para que no contenga la palabra reservada.,Reformulez le modèle pour qu'il ne contienne pas le mot réservé.,Riformuli il modello in modo che non contenga la parola riservata.
reserved_word_in_template_section_desc,"Template contains the reserved word '{word}', which cuts it off. Section keywords (scenario, query, the knowledge base, the ontology, ...) cannot appear inside a template.","O modelo contém a palavra reservada '{word}', que o corta. Palavras de secção (cenário, consulta, a base de conhecimento, a ontologia, ...) não podem aparecer dentro de um modelo.","La plantilla contiene la palabra reservada '{word}', que la corta. Las palabras de sección (escenario, consulta, la base de conocimiento, ...) no pueden aparecer dentro de una plantilla.","Le modèle contient le mot réservé '{word}', qui le tronque. Les mots de section (scénario, requête, la base de connaissances, ...) ne peuvent pas apparaître dans un modèle.","Il modello contiene la parola riservata '{word}', che lo tronca. Le parole di sezione (scenario, interrogazione, la base di conoscenza, ...) non possono comparire in un modello."
reserved_word_in_template_section_fix,Reword the template so it does not use the reserved word.,Reformule o modelo para que não use a palavra reservada.,Reformule la plantilla para que no use la palabra reservada.,Reformulez le modèle pour qu'il n'utilise pas le mot réservé.,Riformuli il modello in modo che non usi la parola riservata.
synonym_with_other_additions_desc,"A template with a synonym cannot have other additions (defines global, opposite, prepositional, unknown, undefined).","Um modelo com sinónimo não pode ter outras adições (define global, oposto, preposicional, desconhecido, indefinido).","Una plantilla con sinónimo no puede tener otras adiciones (define global, opuesto, preposicional, desconocido, indefinido).","Un modèle avec synonyme ne peut pas avoir d'autres ajouts (définit global, opposé, prépositionnel, inconnu, indéfini).","Un modello con sinonimo non può avere altre aggiunte (definisce globale, opposto, preposizionale, sconosciuto, indefinito)."
synonym_with_other_additions_fix,"Split the synonym into its own template, or remove the other additions.","Separe o sinónimo num modelo próprio, ou remova as outras adições.","Separe el sinónimo en su propia plantilla, o elimine las otras adiciones.","Séparez le synonyme dans son propre modèle, ou supprimez les autres ajouts.","Separi il sinonimo in un modello a parte, o rimuova le altre aggiunte."
function_not_is_form_desc,"A function must be a template of the form ""... is *a value*"": its last place, after ""is"", is the value it gives.","Uma função tem de ser um modelo da forma ""... é *um valor*"": o seu último lugar, depois de ""é"", é o valor que dá.","Una función debe ser una plantilla de la forma ""... es *un valor*"": su último lugar, tras ""es"", es el valor que da.","Une fonction doit être un modèle de la forme ""... est *une valeur*"" : sa dernière place, après ""est"", est la valeur qu'elle donne.","Una funzione deve essere un modello della forma ""... è *un valore*"": il suo ultimo posto, dopo ""è"", è il valore che dà."
function_not_is_form_fix,"Write it as ""<the thing> is *a value*"", or declare it in ""the templates are:"" instead.","Escreva-o como ""<a coisa> é *um valor*"", ou declare-o em ""os modelos são:"".","Escríbalo como ""<la cosa> es *un valor*"", o declárelo en ""las plantillas son:"".","Écrivez-le comme ""<la chose> est *une valeur*"", ou déclarez-le dans ""les modèles sont :"".","Lo scriva come ""<la cosa> è *un valore*"", o lo dichiari in ""i modelli sono:""."
defines_global_removed_desc,"""defines global"" is no longer part of the language: a value with a name is a constant, and a value computed by rules is a function.","""define global"" já não faz parte da linguagem: um valor com nome é uma constante, e um valor calculado por regras é uma função.","""define global"" ya no forma parte del lenguaje: un valor con nombre es una constante, y un valor calculado por reglas es una función.","« définit global » ne fait plus partie du langage : une valeur qui a un nom est une constante, et une valeur calculée par des règles est une fonction.","""definisce globale"" non fa più parte del linguaggio: un valore con un nome è una costante, e un valore calcolato da regole è una funzione."
defines_global_removed_fix,"Put a literal value in ""the constants are:"" (""the fee is 5.""); declare a value the rules compute in ""the functions are:"" and write the sentence without its last place (""the fee of the order"").","Ponha um valor literal em ""as constantes são:"" (""a taxa é 5.""); declare um valor que as regras calculam em ""as funções são:"" e escreva a frase sem o último lugar (""a taxa da encomenda"").","Ponga un valor literal en ""las constantes son:"" (""la tasa es 5.""); declare un valor que las reglas calculan en ""las funciones son:"" y escriba la frase sin su último lugar (""la tasa del pedido"").",Mettez une valeur littérale dans « les constantes sont : » (« les frais sont 5. ») ; déclarez une valeur calculée par les règles dans « les fonctions sont : » et écrivez la phrase sans sa dernière place (« les frais de la commande »).,"Metta un valore letterale in ""le costanti sono:"" (""la tariffa è 5.""); dichiari un valore che le regole calcolano in ""le funzioni sono:"" e scriva la frase senza il suo ultimo posto (""la tariffa dell'ordine"")."
prepositional_arity_desc,A prepositional template must have exactly two arguments (found {n}),Um modelo preposicional tem de ter exatamente dois argumentos (encontrados {n}),Una plantilla preposicional debe tener exactamente dos argumentos (encontrados {n}),Un modèle prépositionnel doit avoir exactement deux arguments ({n} trouvés),Un modello preposizionale deve avere esattamente due argomenti (trovati {n})
prepositional_arity_fix,Use exactly two *variables* in the template.,Use exatamente duas *variáveis* no modelo.,Use exactamente dos *variables* en la plantilla.,Utilisez exactement deux *variables* dans le modèle.,Usi esattamente due *variabili* nel modello.
prepositional_first_arg_desc,A prepositional template must start with an argument (its first token must be a *variable*),Um modelo preposicional tem de começar por um argumento (o seu primeiro elemento tem de ser uma *variável*),Una plantilla preposicional debe comenzar por un argumento (su primer elemento debe ser una *variable*),Un modèle prépositionnel doit commencer par un argument (son premier élément doit être une *variable*),Un modello preposizionale deve iniziare con un argomento (il suo primo elemento deve essere una *variabile*)
prepositional_first_arg_fix,Move the *variable* to the very beginning of the template.,Mova a *variável* para o início do modelo.,Mueva la *variable* al principio de la plantilla.,Déplacez la *variable* au tout début du modèle.,Sposti la *variabile* all'inizio del modello.
stray_asterisk_desc,"Stray '*': outside the templates section, '*' is only valid as multiplication inside an arithmetic expression.","'*' solto: fora da secção de modelos, '*' só é válido como multiplicação dentro de uma expressão aritmética.","'*' suelto: fuera de la sección de plantillas, '*' solo es válido como multiplicación dentro de una expresión aritmética.","'*' isolé : hors de la section des modèles, '*' n'est valide que comme multiplication dans une expression arithmétique.","'*' isolato: fuori dalla sezione dei modelli, '*' è valido solo come moltiplicazione in un'espressione aritmetica."
stray_asterisk_fix,Remove the '*'.,Remova o '*'.,Elimine el '*'.,Supprimez le '*'.,Rimuova il '*'.
missing_template_desc,Missing template for '{name}',Falta um modelo para '{name}',Falta una plantilla para '{name}',Modèle manquant pour '{name}',Manca un modello per '{name}'
undefined_predicate_desc,Undefined predicate '{functor}/{arity}',Predicado não definido '{functor}/{arity}',Predicado no definido '{functor}/{arity}',Prédicat non défini '{functor}/{arity}',Predicato non definito '{functor}/{arity}'
undefined_predicate_fix,"add a rule defining the predicate, or add fact sentences for it in the relevant scenarios.","acrescente uma regra que defina o predicado, ou factos para ele nos cenários relevantes.","añada una regla que defina el predicado, o hechos para él en los escenarios pertinentes.","ajoutez une règle définissant le prédicat, ou des faits pour lui dans les scénarios concernés.","aggiunga una regola che definisca il predicato, o dei fatti per esso negli scenari pertinenti."
opposite_as_condition_desc,"'{opposite}' is the declared opposite of the template '{template}' and nothing concludes it. An opposite form states a negative conclusion (the head of an only-if rule, say); in a condition it is not the negation of the template.","'{opposite}' é a forma oposta declarada do modelo '{template}' e nada a conclui. Uma forma oposta declara uma conclusão negativa (a cabeça de uma regra only-if, por exemplo); numa condição não é a negação do modelo.","'{opposite}' es la forma opuesta declarada de la plantilla '{template}' y nada la concluye. Una forma opuesta enuncia una conclusión negativa (la cabeza de una regla only-if, por ejemplo); en una condición no es la negación de la plantilla.","'{opposite}' est la forme opposée déclarée du modèle '{template}' et rien ne la conclut. Une forme opposée énonce une conclusion négative (la tête d'une règle only-if, par exemple) ; dans une condition, ce n'est pas la négation du modèle.","'{opposite}' è la forma opposta dichiarata del modello '{template}' e niente la conclude. Una forma opposta enuncia una conclusione negativa (la testa di una regola only-if, per esempio); in una condizione non è la negazione del modello."
opposite_as_condition_fix,"write the condition as 'it is not the case that' followed by the template '{template}', or add rules concluding the opposite form.","escreva a condição como 'não é o caso que' seguido do modelo '{template}', ou acrescente regras que concluam a forma oposta.","escriba la condición como 'no es el caso que' seguido de la plantilla '{template}', o añada reglas que concluyan la forma opuesta.","écrivez la condition sous la forme « il n'est pas vrai que » suivie du modèle '{template}', ou ajoutez des règles concluant la forme opposée.","scriva la condizione come 'non è il caso che' seguito dal modello '{template}', o aggiunga regole che concludano la forma opposta."
negated_unknown_desc,"'it is not the case that' is written over the template '{template}', which is declared unknown. Logical English never proves that something it could assume is false, so this condition never holds and the rule never applies.","'não é o caso que' está escrito sobre o modelo '{template}', declarado desconhecido. O Logical English nunca prova que é falso algo que poderia assumir, por isso esta condição nunca se verifica e a regra nunca se aplica.","'no es el caso que' está escrito sobre la plantilla '{template}', declarada desconocida. Logical English nunca prueba que es falso algo que podría suponer, así que esta condición nunca se cumple y la regla nunca se aplica.","'il n'est pas vrai que' porte sur le modèle '{template}', déclaré inconnu. Logical English ne prouve jamais qu'est faux ce qu'il pourrait supposer : cette condition n'est donc jamais remplie et la règle ne s'applique jamais.","'non è vero che' è scritto sul modello '{template}', dichiarato sconosciuto. Logical English non prova mai che è falso ciò che potrebbe assumere, quindi questa condizione non vale mai e la regola non si applica mai."
negated_unknown_fix,"remove '; unknown' from '{template}' if a scenario that does not state it means it is false; otherwise state the condition positively, with a template of its own declared unknown.","retire '; unknown' de '{template}' se um cenário que não o afirma quer dizer que é falso; caso contrário, afirme a condição pela positiva, com um modelo próprio declarado desconhecido.","quite '; unknown' de '{template}' si un escenario que no lo afirma significa que es falso; si no, exprese la condición en positivo, con una plantilla propia declarada desconocida.","retirez « ; inconnu » de '{template}' si un scénario qui ne l'affirme pas signifie qu'il est faux ; sinon, exprimez la condition positivement, avec un modèle à elle déclaré inconnu.","togliete '; unknown' da '{template}' se uno scenario che non lo afferma significa che è falso; altrimenti esprimete la condizione in positivo, con un modello proprio dichiarato sconosciuto."
negated_fact_outside_scenario_desc,"'it is not the case that' followed by a fact states that the fact is not so, and only a scenario can state that.","'não é o caso que' seguido de um facto afirma que o facto não se verifica, e só um cenário o pode afirmar.","'no es el caso que' seguido de un hecho afirma que el hecho no se da, y solo un escenario puede afirmarlo.","'il n'est pas vrai que' suivi d'un fait affirme que le fait n'est pas vrai, et seul un scénario peut l'affirmer.","'non è vero che' seguito da un fatto afferma che il fatto non sussiste, e solo uno scenario può affermarlo."
negated_fact_outside_scenario_fix,"move the line into the scenario it belongs to; in a rule, write it as a condition.","mova a linha para o cenário a que pertence; numa regra, escreva-a como condição.","mueva la línea al escenario al que pertenece; en una regla, escríbala como condición.","déplacez la ligne dans le scénario auquel elle appartient ; dans une règle, écrivez-la comme condition.","spostate la riga nello scenario a cui appartiene; in una regola, scrivetela come condizione."
suspicious_is_a_desc,"""... is a {phrase}"" matches no declared template; it was read as a bare is-a statement with the constant type '{phrase}'. A template was probably intended.","""... é um {phrase}"" não corresponde a nenhum modelo declarado; foi lido como uma afirmação é-um com o tipo constante '{phrase}'. Provavelmente pretendia-se um modelo.","""... es un {phrase}"" no corresponde a ninguna plantilla declarada; se leyó como una afirmación es-un con el tipo constante '{phrase}'. Probablemente se pretendía una plantilla.","""... est un {phrase}"" ne correspond à aucun modèle déclaré ; lu comme une affirmation est-un avec le type constant '{phrase}'. Un modèle était probablement prévu.","""... è un {phrase}"" non corrisponde a nessun modello dichiarato; è stato letto come un'affermazione è-un con il tipo costante '{phrase}'. Probabilmente si intendeva un modello."
suspicious_is_a_fix,"Declare a template for this sentence, using *variables* for its arguments, instead of relying on the generic ""is a"" form.","Declare um modelo para esta frase, com *variáveis* para os argumentos, em vez de usar a forma genérica ""é um"".","Declare una plantilla para esta frase, con *variables* para sus argumentos, en vez de usar la forma genérica ""es un"".","Déclarez un modèle pour cette phrase, avec des *variables* pour ses arguments, au lieu de la forme générique ""est un"".","Dichiari un modello per questa frase, con *variabili* per gli argomenti, invece della forma generica ""è un""."
suspicious_is_desc,"""... is {phrase}"" matches no declared template; it was read as the generic ""is"" form assigning the constant value '{phrase}', a goal that can never succeed. A template was probably intended — check the wording against the declared template, word for word.","""... é {phrase}"" não corresponde a nenhum modelo declarado; foi lido como a forma genérica ""é"" a atribuir o valor constante '{phrase}', um objectivo que nunca pode ter sucesso. Provavelmente pretendia-se um modelo — compare a redacção com o modelo declarado, palavra a palavra.","""... es {phrase}"" no corresponde a ninguna plantilla declarada; se leyó como la forma genérica ""es"" asignando el valor constante '{phrase}', un objetivo que nunca puede tener éxito. Probablemente se pretendía una plantilla — compare la redacción con la plantilla declarada, palabra por palabra.","""... est {phrase}"" ne correspond à aucun modèle déclaré ; lu comme la forme générique ""est"" affectant la valeur constante '{phrase}', un but qui ne peut jamais réussir. Un modèle était probablement prévu — comparez la formulation au modèle déclaré, mot à mot.","""... è {phrase}"" non corrisponde a nessun modello dichiarato; è stato letto come la forma generica ""è"" che assegna il valore costante '{phrase}', un obiettivo che non può mai avere successo. Probabilmente si intendeva un modello — confronti la formulazione con il modello dichiarato, parola per parola."
suspicious_is_fix,"Declare a template for this sentence, or correct its wording so it matches the declared template exactly.","Declare um modelo para esta frase, ou corrija a redacção para corresponder exactamente ao modelo declarado.","Declare una plantilla para esta frase, o corrija la redacción para que coincida exactamente con la plantilla declarada.","Déclarez un modèle pour cette phrase, ou corrigez sa formulation pour qu'elle corresponde exactement au modèle déclaré.","Dichiari un modello per questa frase, o corregga la formulazione perché corrisponda esattamente al modello dichiarato."
defined_scenario_element_desc,Predicate '{functor}/{arity}' is declared 'undefined' (scenario element) but has a definition in the knowledge base,O predicado '{functor}/{arity}' está declarado 'indefinido' (elemento de cenário) mas tem uma definição na base de conhecimento,El predicado '{functor}/{arity}' está declarado 'indefinido' (elemento de escenario) pero tiene una definición en la base de conocimiento,Le prédicat '{functor}/{arity}' est déclaré 'indéfini' (élément de scénario) mais a une définition dans la base de connaissances,Il predicato '{functor}/{arity}' è dichiarato 'indefinito' (elemento di scenario) ma ha una definizione nella base di conoscenza
defined_scenario_element_fix,"remove the fact or rule from the knowledge base, or remove the 'undefined'/'scenario element' annotation from the template.","remova o facto ou a regra da base de conhecimento, ou remova a anotação 'indefinido'/'elemento de cenário' do modelo.","elimine el hecho o la regla de la base de conocimiento, o quite la anotación 'indefinido'/'elemento de escenario' de la plantilla.","supprimez le fait ou la règle de la base de connaissances, ou retirez l'annotation 'indéfini'/'élément de scénario' du modèle.","rimuova il fatto o la regola dalla base di conoscenza, o tolga l'annotazione 'indefinito'/'elemento di scenario' dal modello."
untested_predicate_desc,This predicate is not tested by any query: '{template}',Este predicado não é testado por nenhuma consulta: '{template}',Este predicado no es probado por ninguna consulta: '{template}',Ce prédicat n'est testé par aucune requête : '{template}',Questo predicato non è testato da nessuna interrogazione: '{template}'
untested_predicate_fix,"add a query that exercises the predicate, and add expected answers using 'expects answers' in a scenario.","acrescente uma consulta que exercite o predicado, e respostas esperadas com 'espera respostas' num cenário.","añada una consulta que ejercite el predicado, y respuestas esperadas con 'espera respuestas' en un escenario.","ajoutez une requête qui exerce le prédicat, et des réponses attendues avec « attend les réponses » dans un scénario.","aggiunga un'interrogazione che eserciti il predicato, e risposte attese con 'attende risposte' in uno scenario."
unused_template_desc,This template is never used: '{template}',Este modelo nunca é usado: '{template}',Esta plantilla nunca se usa: '{template}',Ce modèle n'est jamais utilisé : '{template}',Questo modello non è mai usato: '{template}'
unused_template_fix,"delete the template, or use it — in a rule, a fact, a scenario or a query.","apague o modelo, ou use-o — numa regra, num facto, num cenário ou numa consulta.","borre la plantilla, o úsela — en una regla, un hecho, un escenario o una consulta.","supprimez le modèle, ou utilisez-le — dans une règle, un fait, un scénario ou une requête.","cancelli il modello, oppure lo usi — in una regola, un fatto, uno scenario o un'interrogazione."
unused_template_shadowed_fix,"delete the template, or use it. Note: {count} other template(s) declared here open with the same words and ARE used, e.g. '{example}' — a sentence is parsed with whichever declared template fits it best, so the sentences that look like uses of this one are being read as those.","apague o modelo, ou use-o. Nota: {count} outro(s) modelo(s) declarado(s) aqui começam com as mesmas palavras e SÃO usados, p. ex. '{example}' — uma frase é analisada com o modelo declarado que melhor lhe serve, por isso as frases que parecem usos deste estão a ser lidas como esses.","borre la plantilla, o úsela. Nota: {count} otra(s) plantilla(s) declarada(s) aquí empiezan con las mismas palabras y SÍ se usan, p. ej. '{example}' — una frase se analiza con la plantilla declarada que mejor le encaja, así que las frases que parecen usos de esta se leen como esas.","supprimez le modèle, ou utilisez-le. Note : {count} autre(s) modèle(s) déclaré(s) ici commencent par les mêmes mots et SONT utilisés, p. ex. « {example} » — une phrase est analysée avec le modèle déclaré qui lui convient le mieux, donc les phrases qui ressemblent à des usages de celui-ci sont lues comme ceux-là.","cancelli il modello, oppure lo usi. Nota: {count} altro/i modello/i dichiarato/i qui iniziano con le stesse parole e SONO usati, per es. '{example}' — una frase viene analizzata con il modello dichiarato che le si adatta meglio, quindi le frasi che sembrano usi di questo vengono lette come quelli."
unconsumed_facts_desc,Facts are stated for this template but no rule condition and no query ever reads them: '{template}',Há factos declarados para este modelo mas nenhuma condição de regra e nenhuma consulta os lê: '{template}',Hay hechos declarados para esta plantilla pero ninguna condición de regla ni ninguna consulta los lee: '{template}',Des faits sont énoncés pour ce modèle mais aucune condition de règle ni aucune requête ne les lit : '{template}',Ci sono fatti dichiarati per questo modello ma nessuna condizione di regola e nessuna interrogazione li legge: '{template}'
unconsumed_scenario_facts_desc,Scenario '{scenario}' states facts for this template but no rule condition and no query ever reads them: '{template}',O cenário '{scenario}' declara factos para este modelo mas nenhuma condição de regra e nenhuma consulta os lê: '{template}',El escenario '{scenario}' declara hechos para esta plantilla pero ninguna condición de regla ni ninguna consulta los lee: '{template}',Le scénario « {scenario} » énonce des faits pour ce modèle mais aucune condition de règle ni aucune requête ne les lit : '{template}',Lo scenario '{scenario}' dichiara fatti per questo modello ma nessuna condizione di regola e nessuna interrogazione li legge: '{template}'
unconsumed_facts_fix,"use it — as a condition of some rule, or in a query — or delete the facts. Data nothing reads changes no answer: a limit, a threshold or an exclusion stated as a fact and never consulted is silently ignored.","use-o — como condição de alguma regra, ou numa consulta — ou apague os factos. Dados que ninguém lê não alteram nenhuma resposta: um limite, um limiar ou uma exclusão declarados como facto e nunca consultados são silenciosamente ignorados.","úsela — como condición de alguna regla, o en una consulta — o borre los hechos. Los datos que nadie lee no cambian ninguna respuesta: un límite, un umbral o una exclusión declarados como hecho y nunca consultados se ignoran silenciosamente.","utilisez-le — comme condition d'une règle, ou dans une requête — ou supprimez les faits. Des données que personne ne lit ne changent aucune réponse : une limite, un seuil ou une exclusion énoncés comme fait et jamais consultés sont silencieusement ignorés.","lo usi — come condizione di una regola, oppure in un'interrogazione — o cancelli i fatti. Dati che nessuno legge non cambiano alcuna risposta: un limite, una soglia o un'esclusione dichiarati come fatto e mai consultati vengono silenziosamente ignorati."
rule_without_variables_desc,Rule without variables: {head} if {body},Regra sem variáveis: {head} se {body},Regla sin variables: {head} si {body},Règle sans variables : {head} si {body},Regola senza variabili: {head} se {body}
rule_without_variables_fix,move the concrete data into a scenario; rules should use variables.,mova os dados concretos para um cenário; as regras devem usar variáveis.,mueva los datos concretos a un escenario; las reglas deben usar variables.,déplacez les données concrètes dans un scénario ; les règles doivent utiliser des variables.,sposti i dati concreti in uno scenario; le regole devono usare variabili.
missing_rules_desc,Missing rules: the program contains only facts and no rules.,Faltam regras: o programa contém apenas factos e nenhuma regra.,Faltan reglas: el programa contiene solo hechos y ninguna regla.,Règles manquantes : le programme ne contient que des faits et aucune règle.,Mancano regole: il programma contiene solo fatti e nessuna regola.
missing_rules_fix,add rules that derive conclusions from the facts.,acrescente regras que derivem conclusões a partir dos factos.,añada reglas que deriven conclusiones a partir de los hechos.,ajoutez des règles qui dérivent des conclusions à partir des faits.,aggiunga regole che derivino conclusioni dai fatti.
too_many_facts_desc,Too many facts: facts ({facts}) outnumber rules ({rules}) by more than 5:1.,Demasiados factos: os factos ({facts}) excedem as regras ({rules}) em mais de 5:1.,Demasiados hechos: los hechos ({facts}) superan a las reglas ({rules}) en más de 5:1.,Trop de faits : les faits ({facts}) dépassent les règles ({rules}) de plus de 5:1.,Troppi fatti: i fatti ({facts}) superano le regole ({rules}) di oltre 5:1.
too_many_facts_fix,add rules that derive conclusions from the facts.,acrescente regras que derivem conclusões a partir dos factos.,añada reglas que deriven conclusiones a partir de los hechos.,ajoutez des règles qui dérivent des conclusions à partir des faits.,aggiunga regole che derivino conclusioni dai fatti.
failed_test_desc,Test failed for query '{query}' in scenario '{scenario}'.{newline}Expected: {expected}{newline}Actual: {actual},Teste falhou para a consulta '{query}' no cenário '{scenario}'.{newline}Esperado: {expected}{newline}Obtido: {actual},Fallo de prueba para la consulta '{query}' en el escenario '{scenario}'.{newline}Esperado: {expected}{newline}Obtenido: {actual},Échec du test pour la requête '{query}' dans le scénario '{scenario}'.{newline}Attendu : {expected}{newline}Obtenu : {actual},Test fallito per l'interrogazione '{query}' nello scenario '{scenario}'.{newline}Atteso: {expected}{newline}Ottenuto: {actual}
failed_test_unknowns_desc,Test failed for query '{query}' in scenario '{scenario}'.{newline}Expected: {expected}{newline}Actual: {actual}{newline}Expected Unknowns: {expected_unknowns}{newline}Actual Unknowns: {actual_unknowns},Teste falhou para a consulta '{query}' no cenário '{scenario}'.{newline}Esperado: {expected}{newline}Obtido: {actual}{newline}Desconhecidos esperados: {expected_unknowns}{newline}Desconhecidos obtidos: {actual_unknowns},Fallo de prueba para la consulta '{query}' en el escenario '{scenario}'.{newline}Esperado: {expected}{newline}Obtenido: {actual}{newline}Desconocidos esperados: {expected_unknowns}{newline}Desconocidos obtenidos: {actual_unknowns},Échec du test pour la requête '{query}' dans le scénario '{scenario}'.{newline}Attendu : {expected}{newline}Obtenu : {actual}{newline}Inconnues attendues : {expected_unknowns}{newline}Inconnues obtenues : {actual_unknowns},Test fallito per l'interrogazione '{query}' nello scenario '{scenario}'.{newline}Atteso: {expected}{newline}Ottenuto: {actual}{newline}Sconosciuti attesi: {expected_unknowns}{newline}Sconosciuti ottenuti: {actual_unknowns}
failed_test_error_desc,Test error for query '{query}' in scenario '{scenario}': {error},Erro de teste para a consulta '{query}' no cenário '{scenario}': {error},Error de prueba para la consulta '{query}' en el escenario '{scenario}': {error},Erreur de test pour la requête '{query}' dans le scénario '{scenario}' : {error},Errore di test per l'interrogazione '{query}' nello scenario '{scenario}': {error}
failed_test_plain_desc,Test failed for query '{query}' in scenario '{scenario}',Teste falhou para a consulta '{query}' no cenário '{scenario}',Fallo de prueba para la consulta '{query}' en el escenario '{scenario}',Échec du test pour la requête '{query}' dans le scénario '{scenario}',Test fallito per l'interrogazione '{query}' nello scenario '{scenario}'
failed_test_fix,check the logic of your rules or the facts in the scenario.,verifique a lógica das suas regras ou os factos do cenário.,compruebe la lógica de sus reglas o los hechos del escenario.,vérifiez la logique de vos règles ou les faits du scénario.,verifichi la logica delle sue regole o i fatti dello scenario.
tests_not_run_desc,{count} of the {total} tests of this program were not run while it was loaded: running them took longer than {seconds} seconds.,{count} dos {total} testes deste programa não foram executados ao carregá-lo: executá-los levaria mais de {seconds} segundos.,{count} de las {total} pruebas de este programa no se ejecutaron al cargarlo: ejecutarlas llevaba más de {seconds} segundos.,{count} des {total} tests de ce programme n'ont pas été exécutés au chargement : les exécuter prenait plus de {seconds} secondes.,{count} dei {total} test di questo programma non sono stati eseguiti al caricamento: eseguirli richiedeva più di {seconds} secondi.
tests_not_run_fix,"run the test suite (runTestsFor) to run them all, or raise the prolog flag le_verify_tests_seconds.","execute a bateria de testes (runTestsFor) para os executar todos, ou aumente a flag le_verify_tests_seconds.","ejecute la batería de pruebas (runTestsFor) para ejecutarlas todas, o aumente el flag le_verify_tests_seconds.","lancez la suite de tests (runTestsFor) pour les exécuter tous, ou augmentez le flag le_verify_tests_seconds.","esegua la suite di test (runTestsFor) per eseguirli tutti, o aumenti il flag le_verify_tests_seconds."
redefined_system_template_desc,Template '{template}' redefines a similar system template and there are no rules for it,O modelo '{template}' redefine um modelo de sistema semelhante e não há regras para ele,La plantilla '{template}' redefine una plantilla de sistema similar y no hay reglas para ella,Le modèle '{template}' redéfinit un modèle système similaire et il n'y a pas de règles pour lui,Il modello '{template}' ridefinisce un modello di sistema simile e non ci sono regole per esso
redefined_system_template_fix,Either change the template slightly or add some rules,Altere ligeiramente o modelo ou acrescente regras,Cambie ligeramente la plantilla o añada reglas,Modifiez légèrement le modèle ou ajoutez des règles,Modifichi leggermente il modello o aggiunga delle regole
single_variable_fact_desc,"Fact '{text}' introduces a variable rather than naming an individual, so it holds for everything","O facto '{text}' introduz uma variável em vez de nomear um indivíduo, pelo que vale para tudo","El hecho '{text}' introduce una variable en vez de nombrar un individuo, por lo que vale para todo","Le fait '{text}' introduit une variable au lieu de nommer un individu, il vaut donc pour tout","Il fatto '{text}' introduce una variabile invece di nominare un individuo, quindi vale per tutto"
single_variable_fact_fix,"use a proper name (e.g. 'fluffy') or 'any' for the individual; if you really mean 'every ...', write it as a rule.","use um nome próprio (p.ex. 'fofinho') para o indivíduo; se quer mesmo dizer 'todo ...', escreva uma regra.","use un nombre propio para el individuo; si realmente quiere decir 'todo ...', escriba una regla.","utilisez un nom propre pour l'individu ; si vous voulez vraiment dire 'tout ...', écrivez une règle.","usi un nome proprio per l'individuo; se intende davvero 'ogni ...', scriva una regola."
single_variable_scenario_fact_desc,"Fact '{text}' in scenario '{scenario}' introduces a variable ('a/an/some ...') rather than naming an individual, so it holds for everything","O facto '{text}' no cenário '{scenario}' introduz uma variável ('um/uma ...') em vez de nomear um indivíduo, pelo que vale para tudo","El hecho '{text}' en el escenario '{scenario}' introduce una variable ('un/una ...') en vez de nombrar un individuo, por lo que vale para todo","Le fait '{text}' dans le scénario '{scenario}' introduit une variable ('un/une ...') au lieu de nommer un individu, il vaut donc pour tout","Il fatto '{text}' nello scenario '{scenario}' introduce una variabile ('un/una ...') invece di nominare un individuo, quindi vale per tutto"
single_variable_scenario_fact_fix,"name the individual (a proper name like 'fluffy', or 'the ...', which is a constant in a scenario); if you really mean 'every ...', write it as a rule in the knowledge base.","nomeie o indivíduo (um nome próprio, ou 'o/a ...', que num cenário é uma constante); se quer mesmo dizer 'todo ...', escreva uma regra na base de conhecimento.","nombre al individuo (un nombre propio, o 'el/la ...', que en un escenario es una constante); si realmente quiere decir 'todo ...', escriba una regla en la base de conocimiento.","nommez l'individu (un nom propre, ou 'le/la ...', qui dans un scénario est une constante) ; si vous voulez vraiment dire 'tout ...', écrivez une règle dans la base de connaissances.","nomini l'individuo (un nome proprio, o 'il/la ...', che in uno scenario è una costante); se intende davvero 'ogni ...', scriva una regola nella base di conoscenza."
unmarked_meta_template_desc,"In '{literal}', the value '{arg}' is itself a template instance (a compound term) — it seems you want to use a meta-template here","Em '{literal}', o valor '{arg}' é ele próprio uma instância de modelo (um termo composto) — parece que pretende usar aqui um meta-modelo","En '{literal}', el valor '{arg}' es a su vez una instancia de plantilla (un término compuesto) — parece que quiere usar aquí una metaplantilla","Dans '{literal}', la valeur '{arg}' est elle-même une instance de modèle (un terme composé) — il semble que vous vouliez utiliser ici un méta-modèle","In '{literal}', il valore '{arg}' è a sua volta un'istanza di modello (un termine composto) — sembra che voglia usare qui un meta-modello"
unmarked_meta_template_fix,"if so, make sure to precede the meta variable by 'that' in the template; if the value should instead be atomic, declare explicit types (or mark the inner template as prepositional) so the phrase is not absorbed into the argument.","se sim, faça a meta-variável ser precedida por 'que' no modelo; se o valor deve ser atómico, declare tipos explícitos (ou marque o modelo interior como preposicional) para que a frase não seja absorvida no argumento.","si es así, haga que la metavariable esté precedida por 'que' en la plantilla; si el valor debe ser atómico, declare tipos explícitos (o marque la plantilla interior como preposicional) para que la frase no se absorba en el argumento.","si oui, faites précéder la méta-variable de 'que' dans le modèle ; si la valeur doit être atomique, déclarez des types explicites (ou marquez le modèle intérieur comme prépositionnel) pour que la phrase ne soit pas absorbée dans l'argument.","in tal caso, faccia precedere la meta-variabile da 'che' nel modello; se il valore deve essere atomico, dichiari tipi espliciti (o marchi il modello interno come preposizionale) perché la frase non venga assorbita nell'argomento."
unknown_language_opener_desc,The first statement does not declare a known target language / A primeira frase não declara uma linguagem alvo conhecida. Defaulting to English.,A primeira frase não declara uma linguagem alvo conhecida. / The first statement does not declare a known target language. Defaulting to English.,La primera frase no declara un lenguaje objetivo conocido. / The first statement does not declare a known target language. Defaulting to English.,La première phrase ne déclare pas une langue cible connue. / The first statement does not declare a known target language. Defaulting to English.,La prima frase non dichiara un linguaggio obiettivo noto. / The first statement does not declare a known target language. Defaulting to English.
parsing_failed_desc,Parsing failed. Check for malformed sections or characters.,A análise falhou. Verifique se há secções ou caracteres malformados.,El análisis falló. Compruebe si hay secciones o caracteres mal formados.,L'analyse a échoué. Vérifiez les sections ou caractères mal formés.,L'analisi è fallita. Verifichi la presenza di sezioni o caratteri malformati.
non_stratified_desc,This program is not stratified: {name} depend on one another through negation. The Prolog engine may loop or give unsound answers — consider running this query with the s(CASP) engine.,Este programa não é estratificado: {name} dependem uns dos outros através de negação. O motor Prolog pode entrar em ciclo ou dar respostas incorretas — considere usar o motor s(CASP).,Este programa no está estratificado: {name} dependen entre sí a través de la negación. El motor Prolog puede entrar en bucle o dar respuestas no sólidas — considere usar el motor s(CASP).,Ce programme n'est pas stratifié : {name} dépendent les uns des autres par la négation. Le moteur Prolog peut boucler ou donner des réponses incorrectes — envisagez le moteur s(CASP).,Questo programma non è stratificato: {name} dipendono l'uno dall'altro tramite negazione. Il motore Prolog può entrare in ciclo o dare risposte non corrette — consideri il motore s(CASP).
kb_summary,KB: {kb}. Top predicates: {predicates},BC: {kb}. Predicados principais: {predicates},BC: {kb}. Predicados principales: {predicates},BC : {kb}. Prédicats principaux : {predicates},BC: {kb}. Predicati principali: {predicates}
access_denied_login,Access denied: this example requires login,Acesso negado: este exemplo requer início de sessão,Acceso denegado: este ejemplo requiere inicio de sesión,Accès refusé : cet exemple nécessite une connexion,Accesso negato: questo esempio richiede l'accesso
access_denied_role,Access denied: your account does not have access to this example,Acesso negado: a sua conta não tem acesso a este exemplo,Acceso denegado: su cuenta no tiene acceso a este ejemplo,Accès refusé : votre compte n'a pas accès à cet exemple,Accesso negato: il suo account non ha accesso a questo esempio
example_not_found,There is no example named {name} on this server,Não existe nenhum exemplo chamado {name} neste servidor,No existe ningún ejemplo llamado {name} en este servidor,Il n'y a pas d'exemple nommé {name} sur ce serveur,Non esiste alcun esempio chiamato {name} su questo server
program_not_loaded,The program could not be loaded ({stage}); the server has recorded the problem,Não foi possível carregar o programa ({stage}); o servidor registou o problema,No se pudo cargar el programa ({stage}); el servidor ha registrado el problema,Le programme n'a pas pu être chargé ({stage}) ; le serveur a enregistré le problème,Non è stato possibile caricare il programma ({stage}); il server ha registrato il problema
assistant_calling_llm,Calling LLM (step {step})...,A chamar o LLM (passo {step})...,Llamando al LLM (paso {step})...,Appel du LLM (étape {step})...,Chiamata al LLM (passo {step})...
assistant_running_verification,Running verification...,A executar a verificação...,Ejecutando la verificación...,Vérification en cours...,Verifica in corso...
assistant_running_query,Running query...,A executar a consulta...,Ejecutando la consulta...,Exécution de la requête...,Esecuzione dell'interrogazione...
assistant_deep_needs_server,"The Deep Assistant runs a program on a server, and this build has none: choose Light mode, which runs here.","O Assistente Profundo executa um programa num servidor, e esta versão não tem nenhum: escolha o modo Ligeiro, que corre aqui.","El Asistente Profundo ejecuta un programa en un servidor, y esta versión no tiene ninguno: elija el modo Ligero, que se ejecuta aquí.","L'Assistant Approfondi exécute un programme sur un serveur, et cette version n'en a aucun : choisissez le mode Léger, qui s'exécute ici.","L'Assistente Profondo esegue un programma su un server, e questa versione non ne ha alcuno: scegli la modalità Leggera, che viene eseguita qui."
image_nonground_desc,Image on a non-ground fact: the fact has unbound variables; the image is ignored,Imagem num facto não concreto: o facto tem variáveis livres; a imagem é ignorada,Imagen en un hecho no concreto: el hecho tiene variables libres; la imagen se ignora,Image sur un fait non concret : le fait a des variables libres ; l'image est ignorée,Immagine su un fatto non concreto: il fatto ha variabili libere; l'immagine viene ignorata
image_nonground_fix,Attach images only to concrete facts (no variables).,Associe imagens apenas a factos concretos (sem variáveis).,Asocie imágenes solo a hechos concretos (sin variables).,Associez des images uniquement à des faits concrets (sans variables).,Associ immagini solo a fatti concreti (senza variabili).
image_on_rule_desc,Image on a rule: images can only annotate scenario facts; the image is ignored,Imagem numa regra: as imagens só podem anotar factos de cenário; a imagem é ignorada,Imagen en una regla: las imágenes solo pueden anotar hechos de escenario; la imagen se ignora,Image sur une règle : les images ne peuvent annoter que des faits de scénario ; l'image est ignorée,Immagine su una regola: le immagini possono annotare solo fatti di scenario; l'immagine viene ignorata
image_on_rule_fix,"Move the ""; image ..."" addition to a fact.","Mova a adição ""; imagem ..."" para um facto.","Mueva la adición ""; imagen ..."" a un hecho.",Déplacez l'ajout « ; image ... » vers un fait.,"Sposti l'aggiunta ""; immagine ..."" a un fatto."
image_bad_url_desc,Ill-formed image URL: '{url}',URL de imagem mal formado: '{url}',URL de imagen mal formada: '{url}',URL d'image mal formée : '{url}',URL dell'immagine malformato: '{url}'
image_bad_url_fix,"Use an absolute http(s) URL, in double quotes.","Use um URL http(s) absoluto, entre aspas.","Use una URL http(s) absoluta, entre comillas.","Utilisez une URL http(s) absolue, entre guillemets.","Usi un URL http(s) assoluto, tra virgolette."
image_template_vars_desc,Image on a template with variables: only a no-variable template can carry an image; the image is ignored,Imagem num modelo com variáveis: só um modelo sem variáveis pode ter uma imagem; a imagem é ignorada,Imagen en una plantilla con variables: solo una plantilla sin variables puede llevar una imagen; la imagen se ignora,Image sur un modèle avec variables : seul un modèle sans variables peut porter une image ; l'image est ignorée,Immagine su un modello con variabili: solo un modello senza variabili può avere un'immagine; l'immagine viene ignorata
image_template_vars_fix,Attach images only to templates without *...* placeholders (or annotate the scenario facts instead).,Associe imagens apenas a modelos sem marcadores *...* (ou anote os factos do cenário).,Asocie imágenes solo a plantillas sin marcadores *...* (o anote los hechos del escenario).,Associez des images uniquement à des modèles sans marqueurs *...* (ou annotez plutôt les faits du scénario).,Associ immagini solo a modelli senza segnaposto *...* (o annoti invece i fatti dello scenario).
scasp_untranslatable_rule,This rule could not be translated to s(CASP); run this query with the Prolog engine.,Esta regra não pôde ser traduzida para s(CASP); execute esta consulta com o motor Prolog.,Esta regla no se pudo traducir a s(CASP); ejecute esta consulta con el motor Prolog.,Cette règle n'a pas pu être traduite en s(CASP) ; exécutez cette requête avec le moteur Prolog.,Non è stato possibile tradurre questa regola in s(CASP); esegua questa interrogazione con il motore Prolog.
scasp_double_negation,"Double negation (""it is not the case that ... it is not the case that ..."") is not supported by s(CASP); run this query with the Prolog engine.","A dupla negação (""não é o caso que ... não é o caso que ..."") não é suportada por s(CASP); execute esta consulta com o motor Prolog.","La doble negación (""no es el caso que ... no es el caso que ..."") no es soportada por s(CASP); ejecute esta consulta con el motor Prolog.",La double négation (« il n'est pas vrai que ... il n'est pas vrai que ... ») n'est pas prise en charge par s(CASP) ; exécutez cette requête avec le moteur Prolog.,"La doppia negazione (""non è il caso che ... non è il caso che ..."") non è supportata da s(CASP); esegua questa interrogazione con il motore Prolog."
scasp_unsupported_known,'is known' is only approximated by s(CASP).,'é conhecido' é apenas aproximado por s(CASP).,'es conocido' solo se aproxima en s(CASP).,« est connu » est seulement approximé par s(CASP).,'è noto' è solo approssimato da s(CASP).
scasp_prolog_goal,'prolog' goals are not supported by s(CASP); this program is Prolog-only.,Objetivos 'prolog' não são suportados por s(CASP); este programa é apenas Prolog.,Los objetivos 'prolog' no son soportados por s(CASP); este programa es solo Prolog.,Les buts « prolog » ne sont pas pris en charge par s(CASP) ; ce programme est uniquement Prolog.,Gli obiettivi 'prolog' non sono supportati da s(CASP); questo programma è solo Prolog.
scasp_list_membership,'is in' (list membership) is not translated to s(CASP).,'está em' (pertença a lista) não é traduzido para s(CASP).,'está en' (pertenencia a lista) no se traduce a s(CASP).,« est dans » (appartenance à une liste) n'est pas traduit en s(CASP).,'è in' (appartenenza a lista) non è tradotto in s(CASP).
scasp_date_arithmetic,Date arithmetic is not supported by s(CASP).,A aritmética de datas não é suportada por s(CASP).,La aritmética de fechas no es soportada por s(CASP).,L'arithmétique des dates n'est pas prise en charge par s(CASP).,L'aritmetica delle date non è supportata da s(CASP).
scasp_min_max,'the minimum/maximum of' is not translated to s(CASP).,'o mínimo/máximo de' não é traduzido para s(CASP).,'el mínimo/máximo de' no se traduce a s(CASP).,« le minimum/maximum de » n'est pas traduit en s(CASP).,'il minimo/massimo di' non è tradotto in s(CASP).
scasp_aggregate,Aggregates are not supported by s(CASP); run this query with the Prolog engine.,Os agregados não são suportados por s(CASP); execute esta consulta com o motor Prolog.,Los agregados no son soportados por s(CASP); ejecute esta consulta con el motor Prolog.,Les agrégats ne sont pas pris en charge par s(CASP) ; exécutez cette requête avec le moteur Prolog.,Gli aggregati non sono supportati da s(CASP); esegua questa interrogazione con il motore Prolog.
scasp_universal,Universal quantification ('for all cases') is not translated to s(CASP).,A quantificação universal ('para todos os casos') não é traduzida para s(CASP).,La cuantificación universal ('para todos los casos') no se traduce a s(CASP).,La quantification universelle (« pour tous les cas ») n'est pas traduite en s(CASP).,La quantificazione universale ('per tutti i casi') non è tradotta in s(CASP).
scasp_decision_table,A decision table is not translated to s(CASP); run this query with the Prolog engine.,Uma tabela de decisão não é traduzida para s(CASP); execute esta consulta com o motor Prolog.,Una tabla de decisión no se traduce a s(CASP); ejecute esta consulta con el motor Prolog.,Une table de décision n'est pas traduite en s(CASP) ; exécutez cette requête avec le moteur Prolog.,Una tabella di decisione non è tradotta in s(CASP); esegua questa interrogazione con il motore Prolog.
scasp_service,A condition answered by a service (a semantic comparison) is not translated to s(CASP).,Uma condição respondida por um serviço (uma comparação semântica) não é traduzida para s(CASP).,Una condición respondida por un servicio (una comparación semántica) no se traduce a s(CASP).,Une condition à laquelle répond un service (une comparaison sémantique) n'est pas traduite en s(CASP).,Una condizione a cui risponde un servizio (un confronto semantico) non è tradotta in s(CASP).
scasp_missing_template,A condition with no template is not translated to s(CASP).,Uma condição sem modelo não é traduzida para s(CASP).,Una condición sin plantilla no se traduce a s(CASP).,Une condition sans modèle n'est pas traduite en s(CASP).,Una condizione senza modello non è tradotta in s(CASP).
scasp_meta_call,A sentence used as a condition ('... is the case') is not translated to s(CASP).,Uma frase usada como condição ('... é o caso') não é traduzida para s(CASP).,Una frase usada como condición ('... es el caso') no se traduce a s(CASP).,Une phrase utilisée comme condition (« ... est le cas ») n'est pas traduite en s(CASP).,Una frase usata come condizione ('... è il caso') non è tradotta in s(CASP).
scasp_engine_not_installed,The s(CASP) engine is not installed on this server.,O motor s(CASP) não está instalado neste servidor.,El motor s(CASP) no está instalado en este servidor.,Le moteur s(CASP) n'est pas installé sur ce serveur.,Il motore s(CASP) non è installato su questo server.
scasp_timeout,The s(CASP) query exceeded its time budget.,A consulta s(CASP) excedeu o seu tempo limite.,La consulta s(CASP) superó su límite de tiempo.,La requête s(CASP) a dépassé son délai imparti.,L'interrogazione s(CASP) ha superato il suo limite di tempo.
scasp_unsupported_construct,"This program uses a construct s(CASP) cannot execute (for example ""or"" inside a negation); run this query with the Prolog engine.","Este programa usa uma construção que s(CASP) não consegue executar (por exemplo ""ou"" dentro de uma negação); execute esta consulta com o motor Prolog.","Este programa usa una construcción que s(CASP) no puede ejecutar (por ejemplo ""o"" dentro de una negación); ejecute esta consulta con el motor Prolog.",Ce programme utilise une construction que s(CASP) ne peut pas exécuter (par exemple « ou » dans une négation) ; exécutez cette requête avec le moteur Prolog.,"Questo programma usa un costrutto che s(CASP) non può eseguire (per esempio ""o"" dentro una negazione); esegua questa interrogazione con il motore Prolog."
scasp_leftover_construct,This condition has no s(CASP) translation where it stands ({construct} was left as it was); run this query with the Prolog engine.,Esta condição não tem tradução para s(CASP) onde está ({construct} ficou como estava); execute esta consulta com o motor Prolog.,Esta condición no tiene traducción a s(CASP) donde está ({construct} quedó como estaba); ejecute esta consulta con el motor Prolog.,Cette condition n'a pas de traduction en s(CASP) là où elle se trouve ({construct} est resté tel quel) ; exécutez cette requête avec le moteur Prolog.,Questa condizione non ha una traduzione in s(CASP) dove si trova ({construct} è rimasto com'era); esegua questa interrogazione con il motore Prolog.
known_as_not_lps_desc,'; known as ...' binds a template to an LPS functor and only means something when the target language is lps.,'; known as ...' liga um modelo a um functor LPS e só tem significado quando a linguagem alvo é lps.,'; known as ...' vincula una plantilla a un functor LPS y sólo tiene sentido cuando el lenguaje objetivo es lps.,« ; connu comme ... » lie un modèle à un foncteur LPS et n'a de sens que si la langue cible est lps.,'; known as ...' lega un modello a un funtore LPS e ha senso solo quando il linguaggio obiettivo è lps.
known_as_not_lps_fix,"Declare 'the target language is: lps.', or remove the addition.","Declare 'the target language is: lps.', ou remova a adição.","Declare 'the target language is: lps.', o elimine la adición.","Déclarez « la langue cible est : lps. », ou supprimez l'ajout.","Dichiara 'the target language is: lps.', oppure rimuovi l'aggiunta."
lps_no_such_scenario_desc,No scenario is called '{name}'. The scenarios of this document are: {names}.,Não há nenhum cenário chamado '{name}'. Os cenários deste documento são: {names}.,No hay ningún escenario llamado '{name}'. Los escenarios de este documento son: {names}.,Aucun scénario ne s'appelle '{name}'. Les scénarios de ce document sont : {names}.,Nessuno scenario si chiama '{name}'. Gli scenari di questo documento sono: {names}.
lps_several_scenarios_desc,"This document has several scenarios ({names}); the run uses the first, '{name}'. Choose another in the scenario box.","Este documento tem vários cenários ({names}); a execução usa o primeiro, '{name}'. Escolha outro na caixa de cenários.","Este documento tiene varios escenarios ({names}); la ejecución usa el primero, '{name}'. Elija otro en la caja de escenarios.","Ce document a plusieurs scénarios ({names}) ; l'exécution utilise le premier, '{name}'. Choisissez-en un autre dans la case des scénarios.","Questo documento ha più scenari ({names}); l'esecuzione usa il primo, '{name}'. Scegline un altro nella casella degli scenari."
lps_undeclared_desc,"'{goal}' is used with a time but was not declared a fluent, an event or an action.","'{goal}' é usado com um tempo mas não foi declarado como fluente, evento ou ação.","'{goal}' se usa con un tiempo pero no fue declarado como fluente, evento ni acción.","'{goal}' est utilisé avec un temps mais n'a pas été déclaré comme fluent, événement ou action.","'{goal}' è usato con un tempo ma non è stato dichiarato fluente, evento o azione."
lps_undeclared_fix,"Add it to 'the fluents are:', 'the events are:' or 'the actions are:'.","Adicione-o a 'the fluents are:', 'the events are:' ou 'the actions are:'.","Añádalo a 'the fluents are:', 'the events are:' o 'the actions are:'.","Ajoutez-le à « les fluents sont : », « les événements sont : » ou « les actions sont : ».","Aggiungilo a 'the fluents are:', 'the events are:' o 'the actions are:'."
lps_when_no_trigger_desc,A 'when ... then ...' needs exactly one event or action in its antecedent; this one has {count}.,Um 'when ... then ...' precisa de exatamente um evento ou ação no antecedente; este tem {count}.,Un 'when ... then ...' necesita exactamente un evento o acción en su antecedente; este tiene {count}.,Une règle « quand ... alors ... » exige exactement un événement ou une action dans son antécédent ; celui-ci en a {count}.,Un 'when ... then ...' richiede esattamente un evento o un'azione nell'antecedente; questo ne ha {count}.
lps_when_no_trigger_fix,"Use 'if ... then ...' for a reactive rule, or name the triggering event.","Use 'if ... then ...' para uma regra reativa, ou nomeie o evento desencadeador.","Use 'if ... then ...' para una regla reactiva, o nombre el evento desencadenante.","Utilisez « si ... alors ... » pour une règle réactive, ou nommez l'événement déclencheur.","Usa 'if ... then ...' per una regola reattiva, o nomina l'evento scatenante."
not_lps_desc,"LPS has no reading for {what}: the program is not translated to LPS, rather than translated into one that means something else.","O LPS não tem leitura para {what}: o programa não é traduzido para LPS, em vez de ser traduzido num que significa outra coisa.","LPS no tiene lectura para {what}: el programa no se traduce a LPS, en lugar de traducirse a uno que significa otra cosa.","LPS n'a pas de lecture pour {what} : le programme n'est pas traduit en LPS, plutôt que traduit en un programme qui signifie autre chose.","LPS non ha una lettura per {what}: il programma non viene tradotto in LPS, invece di essere tradotto in uno che significa altro."
not_lps_universal,a universal (for all cases in which ... it is the case that ...),um universal (para todos os casos em que ... é o caso que ...),un universal (para todos los casos en que ... es el caso que ...),un universel (pour tous les cas où ... il est vrai que ...),un universale (per tutti i casi in cui ... è il caso che ...)
not_lps_unlowered,this condition as it is written,esta condição tal como está escrita,esta condición tal como está escrita,cette condition telle qu'elle est écrite,questa condizione così com'è scritta
not_lps_builtin,Logical English's built-in '{name}',a relação predefinida '{name}' do Logical English,la relación predefinida '{name}' de Logical English,la relation prédéfinie '{name}' de Logical English,la relazione predefinita '{name}' di Logical English
not_lps_assumable,a condition on an assumable or judged template (LPS makes no assumptions: it would simply fail),uma condição sobre um modelo assumível ou julgado (o LPS não faz suposições: falharia simplesmente),una condición sobre una plantilla asumible o juzgada (LPS no hace suposiciones: simplemente fallaría),une condition sur un modèle supposable ou jugé (LPS ne fait pas de suppositions : elle échouerait simplement),una condizione su un modello assumibile o giudicato (LPS non fa supposizioni: fallirebbe e basta)
not_lps_service,a condition answered by the service {name},uma condição respondida pelo serviço {name},una condición respondida por el servicio {name},une condition à laquelle répond le service {name},una condizione a cui risponde il servizio {name}
lps_not_expressible_in_le,an LPS term with no Logical English sentence: {term},um termo LPS sem frase em Logical English: {term},un término LPS sin frase en Logical English: {term},un terme LPS sans phrase en Logical English : {term},un termine LPS senza frase in Logical English: {term}
lps_untimed_observation_desc,The scenario fact '{fact}' has no time; an observation must say when it happens.,O facto de cenário '{fact}' não tem tempo; uma observação deve dizer quando acontece.,El hecho de escenario '{fact}' no tiene tiempo; una observación debe decir cuándo ocurre.,Le fait de scénario '{fact}' n'a pas de temps ; une observation doit dire quand elle se produit.,Il fatto di scenario '{fact}' non ha tempo; un'osservazione deve dire quando accade.
lps_untimed_observation_fix,Add 'from <time> to <time>'.,Adicione 'from <time> to <time>'.,Añada 'from <time> to <time>'.,Ajoutez 'from <time> to <time>'.,Aggiungi 'from <time> to <time>'.
lps_from_on_fluent_desc,"'from <time>' names when an event or action starts; a fluent holds 'at' a time, and is read so here.","'from <time>' diz quando um evento ou ação começa; um fluente vale 'at' um tempo, e é lido assim aqui.","'from <time>' dice cuándo empieza un evento o una acción; un fluente vale 'at' un tiempo, y se lee así aquí.","« de <instant> » dit quand un événement ou une action commence ; un fluent vaut « à » un instant, et il est lu ainsi ici.","'from <time>' dice quando inizia un evento o un'azione; un fluente vale 'at' un tempo, e qui è letto così."
unused_constant_desc,The constant '{constant}' is never used.,A constante '{constant}' nunca é usada.,La constante '{constant}' nunca se usa.,La constante '{constant}' n'est jamais utilisée.,La costante '{constant}' non è mai usata.
unused_constant_fix,"Use its name where its value is meant, or remove it from 'the constants are:'.","Use o seu nome onde o seu valor é pretendido, ou retire-a de 'the constants are:'.","Use su nombre donde se quiere su valor, o quítela de 'the constants are:'.","Utilisez son nom là où sa valeur est voulue, ou retirez-la de « les constantes sont : ».","Usa il suo nome dove si intende il suo valore, oppure toglila da 'the constants are:'."
default_not_lps_desc,"'; ... by default' gives the value a fluent's last place holds when nothing is stored, and only means something on a fluent of an LPS program with a place for the value.","'; ... by default' dá o valor que o último lugar de um fluente tem quando nada está guardado, e só tem significado num fluente de um programa LPS com um lugar para o valor.","'; ... by default' da el valor que tiene el último lugar de un fluente cuando no hay nada guardado, y sólo tiene sentido en un fluente de un programa LPS con un lugar para el valor.","'; ... by default' donne la valeur de la dernière place d'un fluent quand rien n'est stocké, et n'a de sens que sur un fluent d'un programme LPS ayant une place pour la valeur.","'; ... by default' dà il valore dell'ultimo posto di un fluente quando nulla è memorizzato, e ha senso solo su un fluente di un programma LPS con un posto per il valore."
default_not_lps_fix,"Declare 'the target language is: lps.' and put the addition on a fluent whose last place is its value, or remove it.","Declare 'the target language is: lps.' e ponha a adição num fluente cujo último lugar é o seu valor, ou retire-a.","Declare 'the target language is: lps.' y ponga la adición en un fluente cuyo último lugar es su valor, o quítela.","Déclarez « la langue cible est : lps. » et mettez l'ajout sur un fluent dont la dernière place est sa valeur, ou retirez-le.","Dichiara 'the target language is: lps.' e metti l'aggiunta su un fluente il cui ultimo posto è il suo valore, oppure toglila."
lps_default_absence_desc,"'{fluent}' has a value by default, so asking whether it holds for a given key is always true: this test of its absence never succeeds.","'{fluent}' tem um valor por omissão, por isso perguntar se vale para uma dada chave é sempre verdade: este teste da sua ausência nunca tem sucesso.","'{fluent}' tiene un valor por defecto, así que preguntar si vale para una clave dada siempre es verdad: esta prueba de su ausencia nunca tiene éxito.","'{fluent}' a une valeur par défaut, donc demander s'il vaut pour une clé donnée est toujours vrai : ce test de son absence ne réussit jamais.","'{fluent}' ha un valore di default, quindi chiedere se vale per una chiave data è sempre vero: questo test della sua assenza non riesce mai."
lps_default_count_desc,"This counts the entries of '{fluent}', which has a value by default: only the stored entries are counted, not every key that holds the default.","Isto conta as entradas de '{fluent}', que tem um valor por omissão: só as entradas guardadas são contadas, não todas as chaves com o valor por omissão.","Esto cuenta las entradas de '{fluent}', que tiene un valor por defecto: sólo se cuentan las entradas guardadas, no todas las claves con el valor por defecto.","Ceci compte les entrées de '{fluent}', qui a une valeur par défaut : seules les entrées stockées sont comptées, pas toutes les clés qui ont la valeur par défaut.","Questo conta le voci di '{fluent}', che ha un valore di default: si contano solo le voci memorizzate, non tutte le chiavi con il valore di default."
lps_default_two_values_desc,"This law starts a value of '{fluent}', which has a value by default and so holds one value per key, without ending the old one: the key could hold two values. Update it ('... that is X becomes ...'), or end the old value in the same action.","Esta lei inicia um valor de '{fluent}', que tem um valor por omissão e por isso um valor por chave, sem terminar o antigo: a chave poderia ter dois valores. Atualize-o ('... that is X becomes ...'), ou termine o valor antigo na mesma ação.","Esta ley inicia un valor de '{fluent}', que tiene un valor por defecto y por tanto un valor por clave, sin terminar el antiguo: la clave podría tener dos valores. Actualícelo ('... that is X becomes ...'), o termine el valor antiguo en la misma acción.","Cette loi initie une valeur de '{fluent}', qui a une valeur par défaut et donc une valeur par clé, sans terminer l'ancienne : la clé pourrait avoir deux valeurs. Mettez-la à jour ('... that is X becomes ...'), ou terminez l'ancienne valeur dans la même action.","Questa legge avvia un valore di '{fluent}', che ha un valore di default e quindi un valore per chiave, senza terminare il vecchio: la chiave potrebbe avere due valori. Aggiornalo ('... that is X becomes ...'), oppure termina il vecchio valore nella stessa azione."
lps_replaces_desc,This {kind} replaces {kind} {label} of {base}: the base's is left out of this program.,Esta {kind} substitui {kind} {label} de {base}: a da base fica fora deste programa.,Esta {kind} sustituye {kind} {label} de {base}: la de la base queda fuera de este programa.,Cette {kind} remplace {kind} {label} de {base} : celle de la base est laissée hors de ce programme.,Questa {kind} sostituisce {kind} {label} di {base}: quella della base resta fuori da questo programma.
lps_replaces_unknown_desc,"No {kind} labelled {label} in {base}, which this knowledge base extends: nothing is replaced.","Não há {kind} com o rótulo {label} em {base}, que esta base de conhecimento estende: nada é substituído.","No hay {kind} con la etiqueta {label} en {base}, que esta base de conocimiento extiende: no se sustituye nada.","Aucune {kind} étiquetée {label} dans {base}, que cette base de connaissances étend : rien n'est remplacé.","Nessuna {kind} con etichetta {label} in {base}, che questa base di conoscenza estende: nulla è sostituito."
lps_extends_clash_desc,"This law ({law}) changes the same entry on the same action as a law of {base}, which this knowledge base extends: both would apply. Label the base's law ('rule <label>:') and say 'this law replaces law <label> of {base}.', or change something else.","Esta lei ({law}) muda a mesma entrada na mesma ação que uma lei de {base}, que esta base de conhecimento estende: ambas se aplicariam. Rotule a lei da base ('rule <label>:') e diga 'this law replaces law <label> of {base}.', ou mude outra coisa.","Esta ley ({law}) cambia la misma entrada en la misma acción que una ley de {base}, que esta base de conocimiento extiende: ambas se aplicarían. Etiquete la ley de la base ('rule <label>:') y diga 'this law replaces law <label> of {base}.', o cambie otra cosa.","Cette loi ({law}) change la même entrée pour la même action qu'une loi de {base}, que cette base de connaissances étend : les deux s'appliqueraient. Étiquetez la loi de la base (« règle <étiquette> : ») et dites « cette loi remplace la loi <étiquette> de {base}. », ou changez autre chose.","Questa legge ({law}) cambia la stessa voce nella stessa azione di una legge di {base}, che questa base di conoscenza estende: si applicherebbero entrambe. Etichetta la legge della base ('rule <label>:') e scrivi 'this law replaces law <label> of {base}.', oppure cambia altro."
malformed_provenance_desc,"Malformed provenance trailer: 'according to', 'as stated in' and 'because' may each appear once, each followed by its value.","Indicação de proveniência malformada: 'de acordo com', 'conforme consta em' e 'porque' podem aparecer uma vez cada, seguidos do seu valor.","Indicación de procedencia malformada: 'de acuerdo con', 'como consta en' y 'porque' pueden aparecer una vez cada uno, seguidos de su valor.","Indication de provenance mal formée : 'selon', 'comme indiqué dans' et 'parce que' peuvent apparaître une fois chacun, suivis de leur valeur.","Indicazione di provenienza malformata: 'secondo', 'come indicato in' e 'perché' possono comparire una volta ciascuno, seguiti dal loro valore."
malformed_provenance_fix,"Write the trailers as: , according to <source>, as stated in <document> at <locator>, because ""<reason>"".","Escreva as indicações assim: , de acordo com <fonte>, conforme consta em <documento> na <localização>, porque ""<razão>"".","Escriba las indicaciones así: , de acuerdo con <fuente>, como consta en <documento> en <ubicación>, porque ""<razón>"".","Écrivez les indications ainsi : , selon <source>, comme indiqué dans <document> à <emplacement>, parce que ""<raison>"".","Scriva le indicazioni così: , secondo <fonte>, come indicato in <documento> a <posizione>, perché ""<ragione>""."
judged_with_rules_desc,The judged template '{template}' is the conclusion of a rule. A judgment is recorded as a fact with its provenance; it is never derived.,O modelo julgado '{template}' é a conclusão de uma regra. Um julgamento é registado como um facto com a sua proveniência; nunca é derivado.,La plantilla juzgada '{template}' es la conclusión de una regla. Un juicio se registra como un hecho con su procedencia; nunca se deriva.,Le modèle jugé '{template}' est la conclusion d'une règle. Un jugement est enregistré comme un fait avec sa provenance ; il n'est jamais dérivé.,Il modello giudicato '{template}' è la conclusione di una regola. Un giudizio si registra come un fatto con la sua provenienza; non si deriva mai.
judged_with_rules_fix,"Remove the rule, or drop '; judged' from the template if the predicate is meant to be derived.","Remova a regra, ou retire '; julgado' do modelo se o predicado deve ser derivado.","Elimine la regla, o quite '; juzgado' de la plantilla si el predicado debe derivarse.","Supprimez la règle, ou retirez '; jugé' du modèle si le prédicat doit être dérivé.","Rimuova la regola, o tolga '; giudicato' dal modello se il predicato deve essere derivato."
judgment_without_provenance_desc,The judgment '{text}' in scenario '{scenario}' says neither who made it (according to) nor why (because).,O julgamento '{text}' no cenário '{scenario}' não diz quem o fez (de acordo com) nem porquê (porque).,El juicio '{text}' del escenario '{scenario}' no dice quién lo hizo (de acuerdo con) ni por qué (porque).,Le jugement '{text}' du scénario '{scenario}' ne dit ni qui l'a rendu (selon) ni pourquoi (parce que).,Il giudizio '{text}' nello scenario '{scenario}' non dice né chi l'ha dato (secondo) né perché (perché).
judgment_without_provenance_fix,"Add ', according to <who>' and/or ', because ""<reason>""' to the judgment.","Acrescente ', de acordo com <quem>' e/ou ', porque ""<razão>""' ao julgamento.","Añada ', de acuerdo con <quién>' y/o ', porque ""<razón>""' al juicio.","Ajoutez ', selon <qui>' et/ou ', parce que ""<raison>""' au jugement.","Aggiunga ', secondo <chi>' e/o ', perché ""<ragione>""' al giudizio."
fact_without_provenance_desc,"The scenario fact '{text}' in scenario '{scenario}' has no provenance, which this program requires.","O facto '{text}' do cenário '{scenario}' não tem proveniência, que este programa exige.","El hecho '{text}' del escenario '{scenario}' no tiene procedencia, que este programa exige.","Le fait '{text}' du scénario '{scenario}' n'a pas de provenance, ce que ce programme exige.","Il fatto '{text}' dello scenario '{scenario}' non ha provenienza, che questo programma richiede."
fact_without_provenance_fix,"Add ', according to <source>' or ', as stated in <document>' to the fact.","Acrescente ', de acordo com <fonte>' ou ', conforme consta em <documento>' ao facto.","Añada ', de acuerdo con <fuente>' o ', como consta en <documento>' al hecho.","Ajoutez ', selon <source>' ou ', comme indiqué dans <document>' au fait.","Aggiunga ', secondo <fonte>' o ', come indicato in <documento>' al fatto."
judgment_needed,{goal} (judgment needed),{goal} (julgamento necessário),{goal} (se necesita un juicio),{goal} (jugement nécessaire),{goal} (giudizio necessario)
table_row,row {row} of table {name},linha {row} da tabela {name},fila {row} de la tabla {name},ligne {row} de la table {name},riga {row} della tabella {name}
table_without_template_desc,"No template is bound to table '{name}': a template must name it, as in '... under table {name}'.","Nenhum modelo está ligado à tabela '{name}': um modelo deve nomeá-la, como em '... segundo a tabela {name}'.","Ninguna plantilla está vinculada a la tabla '{name}': una plantilla debe nombrarla, como en '... según la tabla {name}'.","Aucun modèle n'est lié à la table '{name}' : un modèle doit la nommer, comme dans « ... en application de la table {name} ».","Nessun modello è legato alla tabella '{name}': un modello deve nominarla, come in '... secondo la tabella {name}'."
table_without_template_fix,"Declare a template whose words end with 'table {name}', with one argument per column (output last).","Declare um modelo cujas palavras terminem em 'tabela {name}', com um argumento por coluna (a saída por último).","Declare una plantilla cuyas palabras terminen en 'tabla {name}', con un argumento por columna (la salida al final).","Déclarez un modèle dont les mots finissent par 'table {name}', avec un argument par colonne (la sortie en dernier).","Dichiari un modello le cui parole finiscano con 'tabella {name}', con un argomento per colonna (l'uscita per ultima)."
table_arity_mismatch_desc,Table '{name}' has {columns} columns but its template has {arity} arguments.,A tabela '{name}' tem {columns} colunas mas o seu modelo tem {arity} argumentos.,La tabla '{name}' tiene {columns} columnas pero su plantilla tiene {arity} argumentos.,La table '{name}' a {columns} colonnes mais son modèle a {arity} arguments.,La tabella '{name}' ha {columns} colonne ma il suo modello ha {arity} argomenti.
table_arity_mismatch_fix,"Give the table one column per template argument, plus optionally a first column of row ids.","Dê à tabela uma coluna por argumento do modelo, mais opcionalmente uma primeira coluna de identificadores de linha.","Dé a la tabla una columna por argumento de la plantilla, más opcionalmente una primera columna de identificadores de fila.","Donnez à la table une colonne par argument du modèle, plus éventuellement une première colonne d'identifiants de ligne.","Dia alla tabella una colonna per argomento del modello, più eventualmente una prima colonna di identificativi di riga."
table_row_width_desc,Row {row} of table '{name}' has {cells} cells; the header has {columns} columns.,A linha {row} da tabela '{name}' tem {cells} células; o cabeçalho tem {columns} colunas.,La fila {row} de la tabla '{name}' tiene {cells} celdas; la cabecera tiene {columns} columnas.,La ligne {row} de la table '{name}' a {cells} cellules ; l'en-tête a {columns} colonnes.,La riga {row} della tabella '{name}' ha {cells} celle; l'intestazione ha {columns} colonne.
table_row_width_fix,"Separate the cells with '|', one per column.","Separe as células com '|', uma por coluna.","Separe las celdas con '|', una por columna.","Séparez les cellules par '|', une par colonne.","Separi le celle con '|', una per colonna."
table_bad_cell_desc,"Row {row} of table '{name}' has a cell that is neither a value, 'any', nor a condition.","A linha {row} da tabela '{name}' tem uma célula que não é um valor, 'qualquer', nem uma condição.","La fila {row} de la tabla '{name}' tiene una celda que no es un valor, 'cualquiera', ni una condición.","La ligne {row} de la table '{name}' a une cellule qui n'est ni une valeur, ni 'quelconque', ni une condition.","La riga {row} della tabella '{name}' ha una cella che non è né un valore, né 'qualsiasi', né una condizione."
table_bad_cell_fix,"Write a constant, 'any', or comparisons such as '> 1 and <= 10'.","Escreva uma constante, 'qualquer', ou comparações como '> 1 e <= 10'.","Escriba una constante, 'cualquiera', o comparaciones como '> 1 y <= 10'.","Écrivez une constante, 'quelconque', ou des comparaisons comme '> 1 et <= 10'.","Scriva una costante, 'qualsiasi', o confronti come '> 1 e <= 10'."
table_bad_output_desc,The output cell (last column) of row {row} of table '{name}' is not a value.,A célula de saída (última coluna) da linha {row} da tabela '{name}' não é um valor.,La celda de salida (última columna) de la fila {row} de la tabla '{name}' no es un valor.,La cellule de sortie (dernière colonne) de la ligne {row} de la table '{name}' n'est pas une valeur.,La cella di uscita (ultima colonna) della riga {row} della tabella '{name}' non è un valore.
table_bad_output_fix,The last column is the table's result: write a value there (or a list of values with 'or').,A última coluna é o resultado da tabela: escreva aí um valor (ou valores ligados por 'ou').,La última columna es el resultado de la tabla: escriba allí un valor (o valores unidos por 'o').,La dernière colonne est le résultat de la table : écrivez-y une valeur (ou des valeurs reliées par 'ou').,L'ultima colonna è il risultato della tabella: vi scriva un valore (o valori uniti da 'o').
table_csv_missing_desc,The rows of table '{name}' cannot be read from '{file}'.,As linhas da tabela '{name}' não podem ser lidas de '{file}'.,Las filas de la tabla '{name}' no se pueden leer de '{file}'.,Les lignes de la table '{name}' ne peuvent pas être lues depuis '{file}'.,Le righe della tabella '{name}' non possono essere lette da '{file}'.
table_csv_missing_fix,Put the CSV file next to the program (or in a directory under it) and check its name.,Coloque o ficheiro CSV junto do programa (ou numa pasta dentro dele) e verifique o nome.,Ponga el fichero CSV junto al programa (o en una carpeta bajo él) y compruebe su nombre.,Placez le fichier CSV à côté du programme (ou dans un dossier sous lui) et vérifiez son nom.,Metta il file CSV accanto al programma (o in una cartella sotto di esso) e ne controlli il nome.
table_csv_problem_desc,Reading the rows of table '{name}' failed: {problem},A leitura das linhas da tabela '{name}' falhou: {problem},La lectura de las filas de la tabla '{name}' falló: {problem},La lecture des lignes de la table '{name}' a échoué : {problem},La lettura delle righe della tabella '{name}' non è riuscita: {problem}
table_csv_problem_fix,Check that the file is valid UTF-8 CSV.,Verifique que o ficheiro é CSV válido em UTF-8.,Compruebe que el fichero es CSV válido en UTF-8.,Vérifiez que le fichier est un CSV UTF-8 valide.,Verifichi che il file sia un CSV UTF-8 valido.
section_checklist,section checklist: {items},lista de secções: {items},lista de secciones: {items},état des sections : {items},elenco delle sezioni: {items}
section_passed,{section} passed,{section} passou,{section} superada,{section} : satisfaite,{section} superata
section_failed,{section} failed,{section} falhou,{section} fallida,{section} : échec,{section} fallita
section_not_reached,{section} not reached,{section} não alcançada,{section} no alcanzada,{section} : non examinée,{section} non raggiunta
scasp_scoped_proof,Source-scoped proof ('according to' in a rule) is not supported by s(CASP); run this query with the Prolog engine.,A prova restrita a uma fonte ('de acordo com' numa regra) não é suportada por s(CASP); execute esta consulta com o motor Prolog.,La prueba restringida a una fuente ('de acuerdo con' en una regla) no es soportada por s(CASP); ejecute esta consulta con el motor Prolog.,La preuve restreinte à une source ('selon' dans une règle) n'est pas prise en charge par s(CASP) ; exécutez cette requête avec le moteur Prolog.,La prova ristretta a una fonte ('secondo' in una regola) non è supportata da s(CASP); esegua questa interrogazione con il motore Prolog.
inadmissible_evidence,"{fact}, according to {source}, is not admissible under {scope}","{fact}, de acordo com {source}, não é admissível segundo {scope}","{fact}, según {source}, no es admisible según {scope}","{fact}, selon {source}, n'est pas admissible selon {scope}","{fact}, secondo {source}, non è ammissibile secondo {scope}"
unattributed_evidence,"{fact} has no source, so it is not admissible under {scope}","{fact} não tem fonte, por isso não é admissível segundo {scope}","{fact} no tiene fuente, por lo que no es admisible según {scope}","{fact} n'a pas de source, donc n'est pas admissible selon {scope}","{fact} non ha fonte, quindi non è ammissibile secondo {scope}"
constraint_broken,"the case breaks a constraint (it must not be true that …), so nothing follows from it; its conditions hold","o caso viola uma restrição (não pode ser verdade que …), por isso nada se segue dele; as suas condições verificam-se","el caso viola una restricción (no puede ser cierto que …), así que nada se sigue de él; sus condiciones se cumplen","le cas viole une contrainte (il ne doit pas être vrai que …), donc rien n'en découle ; ses conditions sont remplies","il caso viola un vincolo (non deve essere vero che …), quindi non ne segue nulla; le sue condizioni sono soddisfatte"
service_source,service {name},serviço {name},servicio {name},service {name},servizio {name}
service_undeclared_desc,"The template is backed by service '{name}', which the program does not declare.","O modelo é servido pelo serviço '{name}', que o programa não declara.","La plantilla está respaldada por el servicio '{name}', que el programa no declara.","Le modèle est servi par le service '{name}', que le programme ne déclare pas.","Il modello è servito dal servizio '{name}', che il programma non dichiara."
service_undeclared_fix,Declare it: 'the knowledge base <name> includes these services: {name} at <address> as a <kind>.',Declare-o: 'a base de conhecimento <nome> inclui estes serviços: {name} em <endereço> como um <tipo>.',Declárelo: 'la base de conocimiento <nombre> incluye estos servicios: {name} en <dirección> como un <tipo>.',Déclarez-le : 'la base de connaissances <nom> comprend ces services : {name} à <adresse> comme un <type>.',Lo dichiari: 'la base di conoscenza <nome> include questi servizi: {name} a <indirizzo> come un <tipo>.'
semantic_matcher_undeclared_desc,"A semantic template is used, but no service is declared as a semantic matcher.","É usado um modelo semântico, mas nenhum serviço é declarado como comparador semântico.","Se usa una plantilla semántica, pero ningún servicio se declara como comparador semántico.","Un modèle sémantique est utilisé, mais aucun service n'est déclaré comme comparateur sémantique.","È usato un modello semantico, ma nessun servizio è dichiarato come comparatore semantico."
semantic_matcher_undeclared_fix,Declare one: '... includes these services: matcher at <address> as a semantic matcher.',Declare um: '... inclui estes serviços: comparador em <endereço> como um comparador semântico.',Declare uno: '... incluye estos servicios: comparador en <dirección> como un comparador semántico.',Déclarez-en un : '... comprend ces services : comparateur à <adresse> comme un comparateur sémantique.',Ne dichiari uno: '... include questi servizi: comparatore a <indirizzo> come un comparatore semantico.'
flip_add,add: {fact},acrescentar: {fact},añadir: {fact},ajouter : {fact},aggiungere: {fact}
flip_remove,remove: {fact},retirar: {fact},quitar: {fact},retirer : {fact},togliere: {fact}
flip_no_change,no change is needed,nenhuma alteração é necessária,no hace falta ningún cambio,aucun changement n'est nécessaire,non serve alcun cambiamento
quote_not_found_desc,"The {where} quotes ""{quote}"" from {document}, but the quotation is not in that document's text.","O {where} cita ""{quote}"" de {document}, mas a citação não está no texto desse documento.","El {where} cita ""{quote}"" de {document}, pero la cita no está en el texto de ese documento.","Le {where} cite ""{quote}"" de {document}, mais la citation n'est pas dans le texte de ce document.","Il {where} cita ""{quote}"" da {document}, ma la citazione non è nel testo di quel documento."
quote_not_found_fix,"Copy the passage exactly as it is in {address}, or correct the document named.","Copie a passagem exatamente como está em {address}, ou corrija o documento indicado.","Copie el pasaje exactamente como está en {address}, o corrija el documento indicado.","Copiez le passage exactement tel qu'il figure dans {address}, ou corrigez le document cité.","Copi il passaggio esattamente com'è in {address}, o corregga il documento indicato."
quote_not_found_closest,"The closest passage there reads: ""{passage}"".","A passagem mais próxima diz: ""{passage}"".","El pasaje más cercano dice: ""{passage}"".",Le passage le plus proche dit : « {passage} ».,"Il passaggio più vicino dice: ""{passage}""."
unread_value_desc,"No rule of the program reads ""{value}"" in ""{text}"": where it stands, the rules read {values}.","Nenhuma regra do programa lê ""{value}"" em ""{text}"": nessa posição, as regras leem {values}.","Ninguna regla del programa lee ""{value}"" en ""{text}"": en esa posición, las reglas leen {values}.","Aucune règle du programme ne lit « {value} » dans « {text} » : à cette place, les règles lisent {values}.","Nessuna regola del programma legge ""{value}"" in ""{text}"": in quella posizione, le regole leggono {values}."
unread_value_fix,Did you mean {suggestion}?,Queria dizer {suggestion}?,¿Quiso decir {suggestion}?,Vouliez-vous dire {suggestion} ?,Intendeva {suggestion}?
unread_value_fragment_fix,"If the text means one of those values, write that value; if it means something else, the rules will not read it.","Se o texto quer dizer um desses valores, escreva esse valor; se quer dizer outra coisa, as regras não o lerão.","Si el texto quiere decir uno de esos valores, escriba ese valor; si quiere decir otra cosa, las reglas no lo leerán.","Si le texte veut dire l'une de ces valeurs, écrivez cette valeur ; s'il veut dire autre chose, les règles ne la liront pas.","Se il testo intende uno di quei valori, scriva quel valore; se intende altro, le regole non lo leggeranno."
view_unknown_sentence_desc,"This sentence of view '{name}' is not one a view understands: ""{text}"".","Esta frase da vista '{name}' não é uma que uma vista compreenda: ""{text}"".","Esta frase de la vista '{name}' no es una que una vista entienda: ""{text}"".",Cette phrase de la vue '{name}' n'est pas une phrase qu'une vue comprend : « {text} ».,"Questa frase della vista '{name}' non è una che una vista comprenda: ""{text}""."
view_unknown_sentence_fix,"Write it as one of the view sentences (docs/user/reference/language.md §17.10), ending with a full stop.","Escreva-a como uma das frases de vista (docs/user/reference/language.md §17.10), terminada com ponto final.","Escríbala como una de las frases de vista (docs/user/reference/language.md §17.10), terminada en punto.","Écrivez-la comme une des phrases de vue (docs/user/reference/language.md §17.10), terminée par un point.","La scriva come una delle frasi di vista (docs/user/reference/language.md §17.10), terminata da un punto."
view_unknown_template_desc,"View '{name}' names ""{text}"", which matches no template of the program.","A vista '{name}' nomeia ""{text}"", que não corresponde a nenhum modelo do programa.","La vista '{name}' nombra ""{text}"", que no corresponde a ninguna plantilla del programa.","La vue '{name}' nomme « {text} », qui ne correspond à aucun modèle du programme.","La vista '{name}' nomina ""{text}"", che non corrisponde a nessun modello del programma."
view_unknown_template_fix,"Write it as an instance of one of the program's templates, as a condition of a rule is written.","Escreva-a como instância de um dos modelos do programa, como se escreve uma condição de uma regra.","Escríbala como instancia de una de las plantillas del programa, como se escribe una condición de una regla.","Écrivez-la comme une instance d'un des modèles du programme, comme on écrit une condition de règle.","La scriva come istanza di uno dei modelli del programma, come si scrive una condizione di una regola."
view_unknown_query_desc,"View '{name}' takes its result from query '{query}', which the program does not define.","A vista '{name}' obtém o seu resultado da consulta '{query}', que o programa não define.","La vista '{name}' toma su resultado de la consulta '{query}', que el programa no define.","La vue '{name}' tire son résultat de la requête '{query}', que le programme ne définit pas.","La vista '{name}' prende il suo risultato dall'interrogazione '{query}', che il programma non definisce."
view_unknown_query_fix,"Name one of the program's queries, or write the result as ""the result is whether …"".","Nomeie uma das consultas do programa, ou escreva o resultado como ""o resultado é se …"".","Nombre una de las consultas del programa, o escriba el resultado como ""el resultado es si …"".","Nommez une des requêtes du programme, ou écrivez le résultat comme « le résultat est si … ».","Nomini una delle interrogazioni del programma, o scriva il risultato come ""il risultato è se …""."
view_unknown_scenario_desc,"View '{name}' compares with scenario '{scenario}', which the program does not define.","A vista '{name}' compara com o cenário '{scenario}', que o programa não define.","La vista '{name}' compara con el escenario '{scenario}', que el programa no define.","La vue '{name}' compare au scénario '{scenario}', que le programme ne définit pas.","La vista '{name}' confronta con lo scenario '{scenario}', che il programma non definisce."
view_unknown_scenario_fix,Name one of the program's scenarios.,Nomeie um dos cenários do programa.,Nombre uno de los escenarios del programa.,Nommez un des scénarios du programme.,Nomini uno degli scenari del programma.
view_bad_question_desc,"View '{name}' lists the answers to ""{text}"", which is not a query the program can answer.","A vista '{name}' lista as respostas a ""{text}"", que não é uma consulta a que o programa possa responder.","La vista '{name}' lista las respuestas a ""{text}"", que no es una consulta que el programa pueda responder.","La vue '{name}' liste les réponses à « {text} », qui n'est pas une requête à laquelle le programme peut répondre.","La vista '{name}' elenca le risposte a ""{text}"", che non è un'interrogazione a cui il programma possa rispondere."
view_bad_question_fix,Write the question as the body of a query of the program (which … is which …).,Escreva a pergunta como o corpo de uma consulta do programa (qual … é qual …).,Escriba la pregunta como el cuerpo de una consulta del programa (qué … es qué …).,Écrivez la question comme le corps d'une requête du programme (quel … est quel …).,Scriva la domanda come il corpo di un'interrogazione del programma (quale … è quale …).
view_duplicate_name_desc,Two views are named '{name}'.,Há duas vistas com o nome '{name}'.,Hay dos vistas llamadas '{name}'.,Deux vues s'appellent '{name}'.,Due viste si chiamano '{name}'.
view_duplicate_name_fix,Give each view its own name: a screen opens a view by it.,Dê a cada vista o seu nome: um ecrã abre uma vista pelo nome.,Dé a cada vista su propio nombre: una pantalla abre una vista por él.,Donnez à chaque vue son propre nom : un écran ouvre une vue par son nom.,Dia a ogni vista il proprio nome: uno schermo apre una vista con esso.
view_not_judged_desc,"The judgments of view '{name}' list ""{text}"", whose template is not marked ; judged.","Os juízos da vista '{name}' listam ""{text}"", cujo modelo não está marcado ; judged.","Los juicios de la vista '{name}' listan ""{text}"", cuya plantilla no está marcada ; judged.","Les jugements de la vue '{name}' listent « {text} », dont le modèle n'est pas marqué « ; jugé ».","I giudizi della vista '{name}' elencano ""{text}"", il cui modello non è marcato ; judged."
view_not_judged_fix,"List it with the facts, or mark its template ; judged if it is decided rather than observed.","Liste-o com os factos, ou marque o seu modelo ; judged se for decidido e não observado.","Lístelo con los hechos, o marque su plantilla ; judged si se decide en lugar de observarse.","Listez-le avec les faits, ou marquez son modèle « ; jugé » s'il est décidé plutôt qu'observé.","Lo elenchi con i fatti, o marchi il suo modello ; judged se è deciso piuttosto che osservato."
view_derived_fact_desc,"View '{name}' asks for ""{text}"" as a fact of the case, but the program's rules conclude it: stating it would bypass them.","A vista '{name}' pede ""{text}"" como facto do caso, mas as regras do programa concluem-no: afirmá-lo contornaria as regras.","La vista '{name}' pide ""{text}"" como hecho del caso, pero las reglas del programa lo concluyen: afirmarlo las eludiría.","La vue '{name}' demande « {text} » comme fait du cas, mais les règles du programme le concluent : l'affirmer les contournerait.","La vista '{name}' chiede ""{text}"" come fatto del caso, ma le regole del programma lo concludono: affermarlo le aggirerebbe."
view_derived_fact_fix,"List the facts the rules read (templates marked ; undefined or ; judged, or that no rule concludes).","Liste os factos que as regras leem (modelos marcados ; undefined ou ; judged, ou que nenhuma regra conclui).","Liste los hechos que leen las reglas (plantillas marcadas ; undefined o ; judged, o que ninguna regla concluye).","Listez les faits que lisent les règles (modèles marqués « ; indéfini » ou « ; jugé », ou qu'aucune règle ne conclut).","Elenchi i fatti che le regole leggono (modelli marcati ; undefined o ; judged, o che nessuna regola conclude)."
view_no_result_desc,View '{name}' says what the case states but not what its result is.,A vista '{name}' diz o que o caso afirma mas não qual é o seu resultado.,La vista '{name}' dice lo que el caso afirma pero no cuál es su resultado.,La vue '{name}' dit ce que le cas énonce mais pas quel est son résultat.,La vista '{name}' dice cosa afferma il caso ma non qual è il suo risultato.
view_no_result_fix,"Add ""the result is the answer to query …"" or ""the result is whether …"".","Acrescente ""o resultado é a resposta à consulta …"" ou ""o resultado é se …"".","Añada ""el resultado es la respuesta a la consulta …"" o ""el resultado es si …"".",Ajoutez « le résultat est la réponse à la requête … » ou « le résultat est si … ».,"Aggiunga ""il risultato è la risposta alla interrogazione …"" o ""il risultato è se …""."
view_said_twice_desc,View '{name}' says its {kind} twice; the last one counts.,A vista '{name}' diz o seu {kind} duas vezes; conta o último.,La vista '{name}' dice su {kind} dos veces; cuenta el último.,La vue '{name}' dit son {kind} deux fois ; le dernier compte.,La vista '{name}' dice il suo {kind} due volte; conta l'ultimo.
view_said_twice_fix,Keep one.,Mantenha um.,Conserve uno.,Gardez-en un.,Ne tenga uno.
view_headed_by_unknown_desc,"View '{name}' heads its result by ""{word}"", which query '{query}' does not ask for.","A vista '{name}' encabeça o resultado com ""{word}"", que a consulta '{query}' não pergunta.","La vista '{name}' encabeza su resultado con ""{word}"", que la consulta '{query}' no pregunta.","La vue '{name}' met « {word} » en tête de son résultat, ce que la requête '{query}' ne demande pas.","La vista '{name}' mette in testa al risultato ""{word}"", che l'interrogazione '{query}' non chiede."
view_headed_by_unknown_fix,"Head it by one of the query's ""which …"" words.","Encabece-o com uma das palavras ""qual …"" da consulta.","Encabécelo con una de las palabras ""qué …"" de la consulta.",Mettez en tête un des mots « quel … » de la requête.,"Metta in testa una delle parole ""quale …"" dell'interrogazione."
view_stage_without_sections_desc,"View '{name}' shows the stage the result reaches, but the program has no applicability, question or remedy section.","A vista '{name}' mostra a etapa que o resultado alcança, mas o programa não tem secção de aplicabilidade, questão ou remédio.","La vista '{name}' muestra la etapa que alcanza el resultado, pero el programa no tiene sección de aplicabilidad, cuestión o remedio.","La vue '{name}' montre le stade atteint par le résultat, mais le programme n'a pas de section d'applicabilité, de question ou de remède.","La vista '{name}' mostra la fase raggiunta dal risultato, ma il programma non ha sezione di applicabilità, questione o rimedio."
view_stage_without_sections_fix,"Divide the rules into those sections (docs/user/reference/language.md §17.4), or drop the sentence.","Divida as regras nessas secções (docs/user/reference/language.md §17.4), ou retire a frase.","Divida las reglas en esas secciones (docs/user/reference/language.md §17.4), o quite la frase.","Répartissez les règles dans ces sections (docs/user/reference/language.md §17.4), ou retirez la phrase.","Divida le regole in quelle sezioni (docs/user/reference/language.md §17.4), o tolga la frase."
view_nothing_cited_desc,"View '{name}' shows citations or documents, but the program cites nothing.","A vista '{name}' mostra citações ou documentos, mas o programa não cita nada.","La vista '{name}' muestra citas o documentos, pero el programa no cita nada.","La vue '{name}' montre des citations ou des documents, mais le programme ne cite rien.","La vista '{name}' mostra citazioni o documenti, ma il programma non cita nulla."
view_nothing_cited_fix,"Give rules and facts their provenance (docs/user/reference/language.md §15.5, §17.1), or drop the sentence.","Dê às regras e aos factos a sua proveniência (docs/user/reference/language.md §15.5, §17.1), ou retire a frase.","Dé a las reglas y a los hechos su procedencia (docs/user/reference/language.md §15.5, §17.1), o quite la frase.","Donnez aux règles et aux faits leur provenance (docs/user/reference/language.md §15.5, §17.1), ou retirez la phrase.","Dia a regole e fatti la loro provenienza (docs/user/reference/language.md §15.5, §17.1), o tolga la frase."
view_unknown_section_desc,"View '{name}' words section '{section}', which the program does not have.","A vista '{name}' dá palavras à secção '{section}', que o programa não tem.","La vista '{name}' da palabras a la sección '{section}', que el programa no tiene.","La vue '{name}' donne des mots à la section '{section}', que le programme n'a pas.","La vista '{name}' dà parole alla sezione '{section}', che il programma non ha."
view_unknown_section_fix,"Name one of the program's sections (applicability, question, remedy, as the program calls them).","Nomeie uma das secções do programa (aplicabilidade, questão, remédio, como o programa as chama).","Nombre una de las secciones del programa (aplicabilidad, cuestión, remedio, como el programa las llama).","Nommez une des sections du programme (applicabilité, question, remède, comme le programme les nomme).","Nomini una delle sezioni del programma (applicabilità, questione, rimedio, come il programma le chiama)."
view_keeps_derived_desc,"View '{name}' keeps ""{text}"" out of the flip, but the program's rules conclude it: a flip never changes it anyway.","A vista '{name}' exclui ""{text}"" da inversão, mas as regras do programa concluem-no: uma inversão nunca o altera.","La vista '{name}' excluye ""{text}"" de la inversión, pero las reglas del programa lo concluyen: una inversión nunca lo cambia.","La vue '{name}' garde ""{text}"" hors de l'inversion, mais les règles du programme le concluent : une inversion ne le change jamais.","La vista '{name}' esclude ""{text}"" dall'inversione, ma le regole del programma lo concludono: un'inversione non lo cambia mai."
view_keeps_derived_fix,"Keep the facts the case states (templates marked ; undefined or ; judged), or drop it from the list.","Mantenha os factos que o caso afirma (modelos marcados ; undefined ou ; judged), ou retire-o da lista.","Mantenga los hechos que el caso afirma (plantillas marcadas ; undefined o ; judged), o quítelo de la lista.","Gardez les faits que le cas déclare (modèles marqués « ; indéfini » ou « ; jugé »), ou retirez-le de la liste.","Mantenga i fatti che il caso afferma (modelli marcati ; undefined o ; judged), o lo tolga dall'elenco."
view_draft_group,the case,o caso,el caso,le cas,il caso
import_no_translator,"No translator reads '{file}': it is not Logical English, and no translator from another system recognises it.","Nenhum tradutor lê '{file}': não é Logical English, e nenhum tradutor de outro sistema o reconhece.","Ningún traductor lee '{file}': no es Logical English, y ningún traductor de otro sistema lo reconoce.","Aucun traducteur ne lit '{file}' : ce n'est pas du Logical English, et aucun traducteur d'un autre système ne le reconnaît.","Nessun traduttore legge '{file}': non è Logical English, e nessun traduttore da un altro sistema lo riconosce."
export_no_exporter,No exporter is called '{id}' here.,Não há aqui nenhum exportador chamado '{id}'.,Aquí no hay ningún exportador llamado '{id}'.,Aucun exportateur ne s'appelle '{id}' ici.,Qui non c'è nessun esportatore chiamato '{id}'.
export_refused,"{target} cannot express everything in this program, so nothing was written: {n} problem(s) to change first.","{target} não consegue exprimir tudo o que este programa diz, por isso nada foi escrito: {n} problema(s) a resolver primeiro.","{target} no puede expresar todo lo que dice este programa, así que no se escribió nada: {n} problema(s) que resolver primero.","{target} ne peut pas exprimer tout ce que dit ce programme, donc rien n'a été écrit : {n} problème(s) à régler d'abord.","{target} non può esprimere tutto ciò che dice questo programma, quindi non è stato scritto nulla: {n} problema/i da risolvere prima."
export_constraint_problem,an integrity constraint (it must not be true that …): {target} has no form for it,uma restrição de integridade (não pode ser verdade que …): {target} não tem forma para ela,una restricción de integridad (no puede ser verdad que …): {target} no tiene forma para ella,une contrainte d'intégrité (il ne doit pas être vrai que …) : {target} n'a pas de forme pour elle,un vincolo di integrità (non deve essere vero che …): {target} non ha una forma per esso
import_fallback_todo,translate {file} into Logical English; it could not be translated automatically ({reason}). Its text follows.,traduzir {file} para Logical English; não pôde ser traduzido automaticamente ({reason}). O seu texto segue.,traducir {file} a Logical English; no pudo traducirse automáticamente ({reason}). Su texto sigue.,traduire {file} en Logical English ; il n'a pas pu être traduit automatiquement ({reason}). Son texte suit.,tradurre {file} in Logical English; non è stato possibile tradurlo automaticamente ({reason}). Il suo testo segue.
import_too_large,The file is larger than the {max} bytes an upload may have.,O ficheiro é maior do que os {max} bytes que um envio pode ter.,El archivo supera los {max} bytes que puede tener una subida.,Le fichier dépasse les {max} octets permis pour un envoi.,Il file supera i {max} byte consentiti per un caricamento.
legal_view_not_lps,The legal view is drawn from an LPS program: this document does not declare the target language lps (or does not load).,A vista jurídica é tirada de um programa LPS: este documento não declara a linguagem alvo lps (ou não carrega).,La vista jurídica se obtiene de un programa LPS: este documento no declara el lenguaje objetivo lps (o no se carga).,La vue juridique se tire d'un programme LPS : ce document ne déclare pas le langage cible lps (ou ne se charge pas).,La vista giuridica si ricava da un programma LPS: questo documento non dichiara il linguaggio obiettivo lps (o non si carica).
legal_view_failed,The legal view of this LPS program could not be drawn.,Não foi possível tirar a vista jurídica deste programa LPS.,No se pudo obtener la vista jurídica de este programa LPS.,La vue juridique de ce programme LPS n'a pas pu être tirée.,Non è stato possibile ricavare la vista giuridica di questo programma LPS.
mistyped_number_desc,"In ""{text}"" the value {value} is never read where it stands: the rules read the number {other} there. As written, no rule can match this fact.","Em ""{text}"" o valor {value} nunca é lido onde está: as regras leem aí o número {other}. Assim escrito, nenhuma regra corresponde a este facto.","En ""{text}"" el valor {value} nunca se lee donde está: las reglas leen ahí el número {other}. Tal como está escrito, ninguna regla corresponde a este hecho.","Dans « {text} », la valeur {value} n'est jamais lue là où elle est : les règles y lisent le nombre {other}. Ainsi écrit, aucune règle ne correspond à ce fait.","In ""{text}"" il valore {value} non viene mai letto dove si trova: le regole vi leggono il numero {other}. Così scritto, nessuna regola corrisponde a questo fatto."
mistyped_text_desc,"In ""{text}"" the value {value} is never read where it stands: the rules read the text {other} there. As written, no rule can match this fact.","Em ""{text}"" o valor {value} nunca é lido onde está: as regras leem aí o texto {other}. Assim escrito, nenhuma regra corresponde a este facto.","En ""{text}"" el valor {value} nunca se lee donde está: las reglas leen ahí el texto {other}. Tal como está escrito, ninguna regla corresponde a este hecho.","Dans « {text} », la valeur {value} n'est jamais lue là où elle est : les règles y lisent le texte {other}. Ainsi écrit, aucune règle ne correspond à ce fait.","In ""{text}"" il valore {value} non viene mai letto dove si trova: le regole vi leggono il testo {other}. Così scritto, nessuna regola corrisponde a questo fatto."
mistyped_value_fix,Write {other} instead.,Escreva {other}.,Escriba {other}.,Écrivez {other}.,Scriva {other}.
mistyped_name_desc,"In ""{text}"" the value {value} is never read where it stands: the rules read the name {other} there. As written, no rule can match this fact.","Em ""{text}"" o valor {value} nunca é lido onde está: as regras leem aí o nome {other}. Assim escrito, nenhuma regra corresponde a este facto.","En ""{text}"" el valor {value} nunca se lee donde está: las reglas leen ahí el nombre {other}. Tal como está escrito, ninguna regla corresponde a este hecho.","Dans « {text} », la valeur {value} n'est jamais lue là où elle est : les règles y lisent le nom {other}. Ainsi écrit, aucune règle ne correspond à ce fait.","In ""{text}"" il valore {value} non viene mai letto dove si trova: le regole vi leggono il nome {other}. Così scritto, nessuna regola corrisponde a questo fatto."
budget_gas_not_modelled,"The gas of {what} is not modelled when the program runs: running it here costs no gas, and there is no gas model yet. Deploy it as Solidity to have the budget checked against a measurement.",O gás de {what} não é modelado quando o programa corre: correr aqui não custa gás e ainda não há modelo de gás. Implante-o como Solidity para que o limite seja verificado contra uma medição.,El gas de {what} no se modela cuando el programa se ejecuta: ejecutarlo aquí no cuesta gas y todavía no hay modelo de gas. Despliéguelo como Solidity para que el límite se compruebe contra una medición.,"Le gaz de {what} n'est pas modélisé à l'exécution : exécuter ici ne coûte pas de gaz, et il n'y a pas encore de modèle de gaz. Déployez-le en Solidity pour que le budget soit vérifié sur une mesure.",Il gas di {what} non è modellato quando il programma viene eseguito: eseguirlo qui non costa gas e non esiste ancora un modello del gas. Distribuiscilo come Solidity perché il limite sia verificato su una misura.
budget_size_not_modelled,The code size of the contract is not modelled when the program runs: there is no contract until it is deployed. Deploy it as Solidity to have the budget checked against the compiled size.,O tamanho do código do contrato não é modelado quando o programa corre: não há contrato até ser implantado. Implante-o como Solidity para que o limite seja verificado contra o tamanho compilado.,El tamaño del código del contrato no se modela cuando el programa se ejecuta: no hay contrato hasta que se despliega. Despliéguelo como Solidity para que el límite se compruebe contra el tamaño compilado.,La taille du code du contrat n'est pas modélisée à l'exécution : il n'y a pas de contrat avant le déploiement. Déployez-le en Solidity pour que le budget soit vérifié sur la taille compilée.,La dimensione del codice del contratto non è modellata quando il programma viene eseguito: non esiste un contratto finché non è distribuito. Distribuiscilo come Solidity perché il limite sia verificato sulla dimensione compilata.
budget_calldata_not_modelled,The call data of {what} is not modelled when the program runs: an action here is not a transaction. Deploy it as Solidity to have the budget checked against a measurement.,Os dados de chamada de {what} não são modelados quando o programa corre: aqui uma ação não é uma transação. Implante-o como Solidity para que o limite seja verificado contra uma medição.,Los datos de llamada de {what} no se modelan cuando el programa se ejecuta: aquí una acción no es una transacción. Despliéguelo como Solidity para que el límite se compruebe contra una medición.,Les données d'appel de {what} ne sont pas modélisées à l'exécution : ici une action n'est pas une transaction. Déployez-le en Solidity pour que le budget soit vérifié sur une mesure.,I dati di chiamata di {what} non sono modellati quando il programma viene eseguito: qui un'azione non è una transazione. Distribuiscilo come Solidity perché il limite sia verificato su una misura.
memorable_under_negation_desc,"'{name}' is memorable, but this negation calls it: a negation stops at the first answer, while a memorable call computes all of them before giving the first, so the caching effort is wasted unless the same call is also made outside a negation.","'{name}' é memorável, mas esta negação chama-o: uma negação para na primeira resposta, enquanto uma chamada memorável calcula todas antes de dar a primeira, pelo que o esforço de cache é desperdiçado a menos que a mesma chamada seja também feita fora de uma negação.","'{name}' es memorable, pero esta negación lo llama: una negación se detiene en la primera respuesta, mientras que una llamada memorable calcula todas antes de dar la primera, por lo que el esfuerzo de caché se desperdicia a menos que la misma llamada se haga también fuera de una negación.","'{name}' est mémorisable, mais cette négation l'appelle : une négation s'arrête à la première réponse, alors qu'un appel mémorisable calcule toutes les réponses avant de donner la première ; l'effort de cache est donc perdu, sauf si le même appel est aussi fait hors d'une négation.","'{name}' è memorabile, ma questa negazione lo chiama: una negazione si ferma alla prima risposta, mentre una chiamata memorabile le calcola tutte prima di dare la prima, quindi lo sforzo di cache è sprecato a meno che la stessa chiamata sia fatta anche fuori da una negazione."
memorable_under_negation_fix,"Make the call outside the negation, or remove '; memorable' from the template.","Faça a chamada fora da negação, ou remova '; memorável' do modelo.","Haga la llamada fuera de la negación, o elimine '; memorable' de la plantilla.","Faites l'appel hors de la négation, ou retirez '; mémorisable' du modèle.","Faccia la chiamata fuori dalla negazione, o tolga '; memorabile' dal modello."
memorable_calls_prolog_desc,"'{name}' is memorable, but this rule of it runs an embedded prolog goal: if the goal changes state, the cached answers do not follow.","'{name}' é memorável, mas esta regra sua executa um objetivo prolog embutido: se o objetivo alterar o estado, as respostas em cache não o acompanham.","'{name}' es memorable, pero esta regla suya ejecuta un objetivo prolog embebido: si el objetivo cambia el estado, las respuestas en caché no lo siguen.","'{name}' est mémorisable, mais cette règle exécute un but prolog embarqué : si le but modifie l'état, les réponses en cache ne suivent pas.","'{name}' è memorabile, ma questa sua regola esegue un obiettivo prolog incorporato: se l'obiettivo cambia lo stato, le risposte in cache non lo seguono."
memorable_calls_prolog_fix,"Keep the prolog goal free of side effects, or remove '; memorable' from the template.","Mantenha o objetivo prolog sem efeitos secundários, ou remova '; memorável' do modelo.","Mantenga el objetivo prolog sin efectos secundarios, o elimine '; memorable' de la plantilla.","Gardez le but prolog sans effets de bord, ou retirez '; mémorisable' du modèle.","Mantenga l'obiettivo prolog senza effetti collaterali, o tolga '; memorabile' dal modello."
numbered_body_unlicensed_desc,"A numbered list of conditions (""if:"" followed by 1., 2., ...) belongs to the InsurLE language extensions, which this server does not offer to this account: the rule was read as never holding.","Uma lista numerada de condições (""se:"" seguido de 1., 2., ...) pertence às extensões de linguagem InsurLE, que este servidor não oferece a esta conta: a regra foi lida como nunca verdadeira.","Una lista numerada de condiciones (""si:"" seguido de 1., 2., ...) pertenece a las extensiones de lenguaje InsurLE, que este servidor no ofrece a esta cuenta: la regla se leyó como nunca verdadera.","Une liste numérotée de conditions (« si : » suivi de 1., 2., ...) fait partie des extensions de langage InsurLE, que ce serveur n'offre pas à ce compte : la règle a été lue comme jamais vraie.","Un elenco numerato di condizioni (""se:"" seguito da 1., 2., ...) appartiene alle estensioni di linguaggio InsurLE, che questo server non offre a questo account: la regola è stata letta come mai vera."
numbered_body_unlicensed_fix,"Sign in with an account that holds the InsurLE licence, or write the conditions one after another, joined by ""and"" and ""or"".","Inicie sessão com uma conta que tenha a licença InsurLE, ou escreva as condições umas a seguir às outras, ligadas por ""e"" e ""ou"".","Inicie sesión con una cuenta que tenga la licencia InsurLE, o escriba las condiciones una tras otra, unidas por ""y"" y ""o"".","Connectez-vous avec un compte qui détient la licence InsurLE, ou écrivez les conditions l'une après l'autre, reliées par « et » et « ou ».","Acceda con un account che detiene la licenza InsurLE, oppure scriva le condizioni una dopo l'altra, unite da ""e"" e ""o""."
contract_assistant_unlicensed,"The LE Contract Assistant is part of the Logical English Translators licence, which this account does not hold. Sign in with an account that holds it, or write to support@logicalcontracts.com.","O LE Contract Assistant faz parte da licença Logical English Translators, que esta conta não tem. Inicie sessão com uma conta que a tenha, ou escreva para support@logicalcontracts.com.","El LE Contract Assistant forma parte de la licencia Logical English Translators, que esta cuenta no tiene. Inicie sesión con una cuenta que la tenga, o escriba a support@logicalcontracts.com.","Le LE Contract Assistant fait partie de la licence Logical English Translators, que ce compte ne détient pas. Connectez-vous avec un compte qui la détient, ou écrivez à support@logicalcontracts.com.","Il LE Contract Assistant fa parte della licenza Logical English Translators, che questo account non detiene. Acceda con un account che la detiene, oppure scriva a support@logicalcontracts.com."
builtin_template_desc,"Template '{template}' has no word of its own besides ""is"" (or another word Prolog reserves): it would replace Prolog's own predicate, and every sentence ""... is ..."" of the program, the date comparisons and the arithmetic included, would be read as one of its instances.","O modelo '{template}' não tem palavras próprias além de ""is"" (ou de outra palavra reservada do Prolog): substituiria o predicado do próprio Prolog, e todas as frases ""... is ..."" do programa, incluindo as comparações de datas e a aritmética, seriam lidas como instâncias dele.","La plantilla '{template}' no tiene palabras propias aparte de ""is"" (u otra palabra reservada de Prolog): sustituiría el predicado del propio Prolog, y todas las frases ""... is ..."" del programa, incluidas las comparaciones de fechas y la aritmética, se leerían como instancias suyas.","Le modèle '{template}' n'a pas de mot propre en dehors de « est » (ou d'un autre mot que Prolog réserve) : il remplacerait le prédicat de Prolog lui-même, et toutes les phrases « ... est ... » du programme, comparaisons de dates et arithmétique comprises, seraient lues comme ses instances.","Il modello '{template}' non ha parole proprie oltre a ""is"" (o a un'altra parola riservata di Prolog): sostituirebbe il predicato di Prolog stesso, e tutte le frasi ""... is ..."" del programma, comprese le comparazioni di date e l'aritmetica, verrebbero lette come sue istanze."
builtin_template_fix,"Write the fixed words outside the asterisks: ""the amount of insurance under *a policy* is *an amount*"", not ""*the amount of insurance under another policy* is *an amount*"".","Escreva as palavras fixas fora dos asteriscos: ""the amount of insurance under *a policy* is *an amount*"", e não ""*the amount of insurance under another policy* is *an amount*"".","Escriba las palabras fijas fuera de los asteriscos: ""the amount of insurance under *a policy* is *an amount*"", no ""*the amount of insurance under another policy* is *an amount*"".","Écrivez les mots fixes hors des astérisques : « le montant assuré au titre de *une police* est *un montant* », et non « *le montant assuré au titre d'une autre police* est *un montant* ».","Scriva le parole fisse fuori dagli asterischi: ""the amount of insurance under *a policy* is *an amount*"", non ""*the amount of insurance under another policy* is *an amount*""."
unbound_aggregate_variable_desc,"An aggregate (the sum, count, minimum, maximum, average or list of each ... such that ...) speaks of something the rule's conclusion names, but no condition before it says which one: the aggregate ranges over all of them, and the rule answers once, for none in particular.","Um agregado (a soma, contagem, mínimo, máximo, média ou lista de cada ... tal que ...) fala de algo que a conclusão da regra nomeia, mas nenhuma condição anterior diz qual: o agregado percorre todos, e a regra responde uma só vez, para nenhum em particular.","Un agregado (la suma, cuenta, mínimo, máximo, media o lista de cada ... tal que ...) habla de algo que la conclusión de la regla nombra, pero ninguna condición anterior dice cuál: el agregado recorre todos, y la regla responde una sola vez, para ninguno en particular.","Un agrégat (la somme, le nombre, le minimum, le maximum, la moyenne ou la liste de chaque ... tel que ...) parle d'une chose que la conclusion de la règle nomme, mais aucune condition placée avant ne dit laquelle : l'agrégat les parcourt toutes, et la règle répond une seule fois, pour aucune en particulier.","Un aggregato (la somma, il conteggio, il minimo, il massimo, la media o la lista di ogni ... tale che ...) parla di qualcosa che la conclusione della regola nomina, ma nessuna condizione precedente dice quale: l'aggregato li percorre tutti, e la regola risponde una sola volta, per nessuno in particolare."
unbound_aggregate_variable_fix,"Name it in a condition before the aggregate, for example ""a claim has the claim component"", so that the rule answers for each one.","Nomeie-o numa condição antes do agregado, por exemplo ""a claim has the claim component"", para que a regra responda para cada um.","Nómbrelo en una condición antes del agregado, por ejemplo ""a claim has the claim component"", para que la regla responda para cada uno.","Nommez-la dans une condition avant l'agrégat, par exemple « une demande comporte la composante », pour que la règle réponde pour chacune.","Lo nomini in una condizione prima dell'aggregato, per esempio ""a claim has the claim component"", perché la regola risponda per ciascuno."
contract_assistant_not_installed,"The LE Contract Assistant is not installed on this server. It is part of the Logical English Translators, a licensed product of Logical Contracts.","O LE Contract Assistant não está instalado neste servidor. Faz parte dos Logical English Translators, um produto licenciado da Logical Contracts.","El LE Contract Assistant no está instalado en este servidor. Forma parte de los Logical English Translators, un producto con licencia de Logical Contracts.","Le LE Contract Assistant n'est pas installé sur ce serveur. Il fait partie des Logical English Translators, un produit sous licence de Logical Contracts.","Il LE Contract Assistant non è installato su questo server. Fa parte dei Logical English Translators, un prodotto in licenza di Logical Contracts."
